Date,Personal consumption expenditures (PCE),Goods,:Durable goods,:Nondurable goods,Services,:PCE excluding food and energy,:Food\1\,:Energy goods and services\2\,:Market-based PCE\3\,:Market-based PCE excluding food and energy\3\
1959-01-31,306512.0,167411.0,42295.0,125117.0,139101.0,222086.0,61876.0,22550.0,,
1959-02-28,309972.0,169596.0,44207.0,125389.0,140376.0,225900.0,61379.0,22693.0,,
1959-03-31,313110.0,172162.0,44445.0,127717.0,140947.0,229960.0,60463.0,22686.0,,
1959-04-30,312583.0,170680.0,45065.0,125615.0,141903.0,229725.0,60348.0,22510.0,,
1959-05-31,316505.0,173326.0,45359.0,127967.0,143180.0,232157.0,61562.0,22786.0,,
1959-06-30,318559.0,173845.0,45971.0,127874.0,144714.0,233673.0,61872.0,23014.0,,
1959-07-31,318147.0,172707.0,45408.0,127299.0,145440.0,233549.0,61583.0,23015.0,,
1959-08-31,320518.0,174065.0,46189.0,127876.0,146452.0,235800.0,61642.0,23075.0,,
1959-09-30,324582.0,176799.0,47410.0,129389.0,147784.0,239622.0,62080.0,22880.0,,
1959-10-31,323148.0,174543.0,44791.0,129751.0,148605.0,237466.0,62145.0,23537.0,,
1959-11-30,323215.0,173678.0,44712.0,128967.0,149537.0,237859.0,61500.0,23856.0,,
1959-12-31,323229.0,172472.0,42807.0,129665.0,150756.0,237481.0,62709.0,23038.0,,
1960-01-31,323963.0,172841.0,43229.0,129612.0,151122.0,239069.0,61630.0,23264.0,,
1960-02-29,325702.0,174113.0,45748.0,128366.0,151588.0,241190.0,61100.0,23412.0,,
1960-03-31,330520.0,178226.0,47389.0,130837.0,152294.0,243519.0,62565.0,24435.0,,
1960-04-30,336857.0,183211.0,49116.0,134095.0,153647.0,248982.0,63416.0,24459.0,,
1960-05-31,330423.0,176004.0,45730.0,130274.0,154419.0,243736.0,62755.0,23933.0,,
1960-06-30,330491.0,175972.0,44457.0,131515.0,154519.0,243616.0,62646.0,24230.0,,
1960-07-31,331764.0,177041.0,44854.0,132187.0,154723.0,244499.0,63185.0,24081.0,,
1960-08-31,332020.0,177191.0,45765.0,131426.0,154829.0,245487.0,62311.0,24222.0,,
1960-09-30,333812.0,178276.0,47149.0,131127.0,155536.0,247245.0,62041.0,24526.0,,
1960-10-31,335822.0,179281.0,46679.0,132602.0,156540.0,248950.0,62556.0,24315.0,,
1960-11-30,335797.0,178164.0,45057.0,133108.0,157633.0,247391.0,63830.0,24576.0,,
1960-12-31,331748.0,173863.0,42333.0,131530.0,157884.0,244424.0,62641.0,24683.0,,
1961-01-31,332626.0,173918.0,41606.0,132311.0,158709.0,244687.0,63488.0,24451.0,,
1961-02-28,334174.0,175209.0,41919.0,133290.0,158965.0,246230.0,63752.0,24192.0,,
1961-03-31,338131.0,177797.0,43195.0,134601.0,160334.0,250058.0,63871.0,24202.0,,
1961-04-30,338114.0,176630.0,42733.0,133897.0,161484.0,249318.0,64128.0,24668.0,,
1961-05-31,340354.0,177750.0,43457.0,134294.0,162604.0,251874.0,63808.0,24672.0,,
1961-06-30,341349.0,178313.0,43770.0,134543.0,163037.0,252667.0,63863.0,24819.0,,
1961-07-31,341060.0,178043.0,44146.0,133897.0,163017.0,253397.0,62962.0,24701.0,,
1961-08-31,342573.0,179206.0,44597.0,134609.0,163368.0,254284.0,63806.0,24483.0,,
1961-09-30,344877.0,180278.0,44996.0,135282.0,164599.0,256212.0,64034.0,24631.0,,
1961-10-31,347008.0,180935.0,45623.0,135312.0,166073.0,258856.0,63637.0,24515.0,,
1961-11-30,350398.0,183022.0,46700.0,136322.0,167376.0,261931.0,63454.0,25013.0,,
1961-12-31,352928.0,184593.0,47726.0,136867.0,168335.0,264024.0,64159.0,24745.0,,
1962-01-31,353717.0,184687.0,47525.0,137162.0,169030.0,264734.0,63849.0,25134.0,,
1962-02-28,354519.0,184768.0,47378.0,137390.0,169751.0,264629.0,64498.0,25392.0,,
1962-03-31,357923.0,187148.0,48204.0,138944.0,170776.0,267678.0,64555.0,25690.0,,
1962-04-30,359569.0,187405.0,48430.0,138975.0,172164.0,269777.0,64166.0,25626.0,,
1962-05-31,362535.0,189019.0,49568.0,139452.0,173516.0,272385.0,64609.0,25541.0,,
1962-06-30,360941.0,186951.0,49142.0,137809.0,173990.0,271131.0,64326.0,25484.0,,
1962-07-31,361905.0,187343.0,49161.0,138182.0,174561.0,272215.0,64309.0,25380.0,,
1962-08-31,363426.0,188221.0,49001.0,139221.0,175205.0,272971.0,64868.0,25587.0,,
1962-09-30,369301.0,193015.0,50538.0,142477.0,176286.0,277573.0,65812.0,25916.0,,
1962-10-31,367099.0,190011.0,49029.0,140982.0,177088.0,275711.0,65086.0,26303.0,,
1962-11-30,372223.0,193759.0,52087.0,141672.0,178463.0,280616.0,65073.0,26533.0,,
1962-12-31,374131.0,195299.0,53523.0,141776.0,178832.0,282439.0,64725.0,26966.0,,
1963-01-31,374878.0,195821.0,53063.0,142758.0,179058.0,282120.0,65438.0,27321.0,,
1963-02-28,373843.0,194273.0,52407.0,141867.0,179569.0,281445.0,65047.0,27350.0,,
1963-03-31,375439.0,195047.0,52298.0,142749.0,180392.0,283350.0,65243.0,26846.0,,
1963-04-30,376783.0,195351.0,53213.0,142137.0,181433.0,285445.0,64934.0,26404.0,,
1963-05-31,377643.0,195830.0,53450.0,142381.0,181813.0,285661.0,65304.0,26678.0,,
1963-06-30,382125.0,198873.0,54981.0,143892.0,183252.0,290206.0,65797.0,26122.0,,
1963-07-31,384851.0,200155.0,55459.0,144695.0,184697.0,291915.0,66520.0,26416.0,,
1963-08-31,386733.0,200558.0,54064.0,146493.0,186175.0,292649.0,66941.0,27142.0,,
1963-09-30,385935.0,198891.0,54580.0,144311.0,187044.0,293225.0,65588.0,27122.0,,
1963-10-31,386466.0,198120.0,54170.0,143950.0,188346.0,293774.0,66157.0,26536.0,,
1963-11-30,389894.0,200579.0,55612.0,144966.0,189315.0,296547.0,66851.0,26496.0,,
1963-12-31,395159.0,204356.0,57435.0,146921.0,190803.0,300891.0,66620.0,27647.0,,
1964-01-31,397299.0,205136.0,57938.0,147198.0,192163.0,302643.0,67358.0,27298.0,,
1964-02-29,400700.0,207387.0,58442.0,148945.0,193312.0,305763.0,67435.0,27501.0,,
1964-03-31,402351.0,207415.0,57605.0,149810.0,194936.0,306632.0,68150.0,27569.0,,
1964-04-30,403369.0,207572.0,58152.0,149420.0,195797.0,307400.0,68215.0,27753.0,,
1964-05-31,408979.0,211951.0,59664.0,152287.0,197028.0,312354.0,69116.0,27509.0,,
1964-06-30,411907.0,213273.0,60613.0,152660.0,198634.0,314478.0,69346.0,28084.0,,
1964-07-31,415470.0,215957.0,61643.0,154315.0,199513.0,317112.0,70188.0,28170.0,,
1964-08-31,418303.0,217679.0,62144.0,155536.0,200623.0,319106.0,70563.0,28634.0,,
1964-09-30,417190.0,215127.0,60346.0,154781.0,202063.0,318127.0,70441.0,28622.0,,
1964-10-31,420184.0,217085.0,61245.0,155840.0,203099.0,320375.0,70524.0,29285.0,,
1964-11-30,416944.0,212527.0,58910.0,153617.0,204418.0,318531.0,70070.0,28343.0,,
1964-12-31,421586.0,215919.0,57976.0,157944.0,205667.0,320508.0,72477.0,28600.0,,
1965-01-31,425015.0,218314.0,61015.0,157299.0,206701.0,325188.0,71395.0,28433.0,,
1965-02-28,431972.0,224327.0,65375.0,158952.0,207645.0,330778.0,72125.0,29070.0,,
1965-03-31,433876.0,225386.0,68356.0,157031.0,208489.0,333075.0,71457.0,29344.0,,
1965-04-30,437648.0,227338.0,67331.0,160007.0,210310.0,335349.0,72618.0,29681.0,,
1965-05-31,438221.0,226476.0,65143.0,161333.0,211745.0,335293.0,73129.0,29799.0,,
1965-06-30,435846.0,222944.0,61981.0,160963.0,212902.0,331713.0,73904.0,30229.0,,
1965-07-31,441642.0,227314.0,63500.0,163814.0,214328.0,336200.0,74890.0,30552.0,,
1965-08-31,444991.0,229413.0,66000.0,163413.0,215578.0,339673.0,75077.0,30241.0,,
1965-09-30,452628.0,235580.0,70600.0,164979.0,217048.0,347744.0,74395.0,30489.0,,
1965-10-31,459108.0,240119.0,69486.0,170633.0,218989.0,349770.0,78313.0,31025.0,,
1965-11-30,459689.0,238854.0,69087.0,169767.0,220835.0,351532.0,77185.0,30972.0,,
1965-12-31,462313.0,240040.0,68806.0,171234.0,222273.0,352597.0,78819.0,30897.0,,
1966-01-31,465802.0,242745.0,70212.0,172533.0,223057.0,356097.0,78549.0,31156.0,,
1966-02-28,470869.0,246629.0,72286.0,174344.0,224240.0,360194.0,79740.0,30936.0,,
1966-03-31,475686.0,249844.0,74438.0,175406.0,225842.0,364127.0,80333.0,31226.0,,
1966-04-30,477608.0,250152.0,72469.0,177683.0,227457.0,364792.0,81095.0,31721.0,,
1966-05-31,473762.0,244845.0,68688.0,176157.0,228916.0,361426.0,80343.0,31993.0,,
1966-06-30,476198.0,245878.0,68005.0,177874.0,230320.0,363611.0,80331.0,32256.0,,
1966-07-31,481245.0,249270.0,69566.0,179704.0,231975.0,367462.0,81477.0,32306.0,,
1966-08-31,483840.0,251360.0,72268.0,179092.0,232480.0,370404.0,80794.0,32641.0,,
1966-09-30,489850.0,255650.0,75136.0,180514.0,234200.0,375571.0,81379.0,32900.0,,
1966-10-31,488975.0,253353.0,73377.0,179977.0,235621.0,375349.0,80596.0,33029.0,,
1966-11-30,490747.0,252958.0,72259.0,180699.0,237789.0,376455.0,81437.0,32855.0,,
1966-12-31,492555.0,252748.0,72241.0,180507.0,239808.0,377813.0,81241.0,33501.0,,
1967-01-31,494943.0,253944.0,72459.0,181485.0,240999.0,380179.0,81781.0,32984.0,,
1967-02-28,493706.0,252548.0,69850.0,182698.0,241158.0,378177.0,81802.0,33727.0,,
1967-03-31,496554.0,253938.0,70995.0,182943.0,242617.0,381503.0,82022.0,33029.0,,
1967-04-30,502063.0,257910.0,74319.0,183591.0,244153.0,386621.0,82111.0,33331.0,,
1967-05-31,502983.0,257524.0,73966.0,183559.0,245459.0,386832.0,81511.0,34640.0,,
1967-06-30,507547.0,260078.0,75165.0,184913.0,247469.0,390846.0,82290.0,34411.0,,
1967-07-31,507432.0,258127.0,74425.0,183703.0,249304.0,391517.0,81437.0,34477.0,,
1967-08-31,510539.0,259424.0,73646.0,185779.0,251115.0,394095.0,82742.0,33702.0,,
1967-09-30,516336.0,263875.0,76026.0,187849.0,252461.0,398857.0,83312.0,34167.0,,
1967-10-31,512920.0,259263.0,74114.0,185148.0,253658.0,395600.0,82956.0,34365.0,,
1967-11-30,518097.0,262876.0,75126.0,187750.0,255221.0,399343.0,83398.0,35355.0,,
1967-12-31,525804.0,268380.0,77684.0,190695.0,257424.0,405100.0,85343.0,35360.0,,
1968-01-31,531525.0,271025.0,79728.0,191297.0,260500.0,411181.0,84699.0,35645.0,,
1968-02-29,534183.0,272428.0,79472.0,192956.0,261755.0,413219.0,85017.0,35946.0,,
1968-03-31,544883.0,279729.0,83377.0,196352.0,265154.0,421466.0,87415.0,36002.0,,
1968-04-30,544572.0,277189.0,81427.0,195762.0,267383.0,422078.0,86796.0,35697.0,,
1968-05-31,550358.0,281285.0,84017.0,197269.0,269073.0,427108.0,87771.0,35480.0,,
1968-06-30,556840.0,284085.0,83808.0,200277.0,272755.0,431713.0,89194.0,35933.0,,
1968-07-31,563753.0,289499.0,86932.0,202566.0,274254.0,437662.0,89912.0,36179.0,,
1968-08-31,567613.0,291363.0,87631.0,203732.0,276250.0,440339.0,90537.0,36737.0,,
1968-09-30,568817.0,290297.0,88070.0,202226.0,278521.0,442006.0,90023.0,36788.0,,
1968-10-31,572262.0,291647.0,88124.0,203524.0,280614.0,445063.0,90597.0,36602.0,,
1968-11-30,577390.0,294493.0,87465.0,207028.0,282897.0,447942.0,92678.0,36770.0,,
1968-12-31,577226.0,292359.0,87888.0,204470.0,284867.0,448871.0,91338.0,37017.0,,
1969-01-31,584245.0,297412.0,90129.0,207283.0,286833.0,454058.0,92778.0,37410.0,,
1969-02-28,589487.0,300043.0,90765.0,209279.0,289444.0,458242.0,93342.0,37903.0,,
1969-03-31,589697.0,299078.0,89138.0,209940.0,290619.0,457920.0,93078.0,38700.0,,
1969-04-30,594698.0,301210.0,90405.0,210805.0,293488.0,463067.0,93149.0,38482.0,,
1969-05-31,601100.0,304014.0,90464.0,213551.0,297086.0,467475.0,95048.0,38577.0,,
1969-06-30,601703.0,302767.0,90475.0,212292.0,298935.0,468772.0,94145.0,38786.0,,
1969-07-31,603543.0,303248.0,88638.0,214609.0,300295.0,469372.0,95233.0,38937.0,,
1969-08-31,610794.0,307992.0,90658.0,217334.0,302802.0,474874.0,96590.0,39330.0,,
1969-09-30,614111.0,308609.0,92589.0,216019.0,305502.0,478726.0,95960.0,39425.0,,
1969-10-31,619409.0,310629.0,91438.0,219191.0,308780.0,481477.0,98039.0,39893.0,,
1969-11-30,621380.0,309974.0,90662.0,219312.0,311406.0,482954.0,98303.0,40124.0,,
1969-12-31,623672.0,311160.0,90433.0,220728.0,312511.0,484631.0,98787.0,40254.0,,
1970-01-31,629613.0,313784.0,89303.0,224481.0,315828.0,487072.0,101552.0,40989.0,,
1970-02-28,634880.0,315002.0,90983.0,224019.0,319878.0,493214.0,101246.0,40420.0,,
1970-03-31,633238.0,313499.0,88548.0,224951.0,319739.0,490536.0,102116.0,40586.0,,
1970-04-30,636953.0,314651.0,89977.0,224674.0,322302.0,494396.0,101688.0,40868.0,,
1970-05-31,643387.0,318333.0,91158.0,227175.0,325054.0,499528.0,102813.0,41046.0,,
1970-06-30,647247.0,319679.0,91885.0,227795.0,327568.0,502710.0,103292.0,41245.0,,
1970-07-31,649463.0,319681.0,91363.0,228318.0,329782.0,504814.0,102985.0,41664.0,,
1970-08-31,653907.0,321459.0,92325.0,229134.0,332449.0,508574.0,103856.0,41478.0,,
1970-09-30,660075.0,324041.0,92345.0,231696.0,336033.0,512527.0,105332.0,42215.0,,
1970-10-31,659325.0,322258.0,89719.0,232539.0,337068.0,512686.0,104261.0,42378.0,,
1970-11-30,657572.0,318612.0,85151.0,233461.0,338960.0,509823.0,105498.0,42251.0,,
1970-12-31,666622.0,324529.0,87102.0,237427.0,342093.0,516270.0,107431.0,42921.0,,
1971-01-31,677164.0,333744.0,97436.0,236308.0,343421.0,527778.0,105811.0,43576.0,,
1971-02-28,680425.0,333698.0,97169.0,236529.0,346728.0,530956.0,105834.0,43635.0,,
1971-03-31,683018.0,334197.0,99550.0,234647.0,348821.0,533967.0,105401.0,43650.0,,
1971-04-30,689778.0,338365.0,100291.0,238074.0,351413.0,538901.0,106857.0,44020.0,,
1971-05-31,692157.0,337463.0,99649.0,237813.0,354694.0,541447.0,107002.0,43708.0,,
1971-06-30,700812.0,343632.0,103025.0,240607.0,357179.0,548646.0,107882.0,44283.0,,
1971-07-31,699921.0,340213.0,101068.0,239146.0,359708.0,548911.0,107285.0,43725.0,,
1971-08-31,705970.0,342569.0,102239.0,240330.0,363402.0,554604.0,107003.0,44363.0,,
1971-09-30,714072.0,348817.0,107020.0,241797.0,365255.0,561549.0,107109.0,45414.0,,
1971-10-31,716933.0,348451.0,107215.0,241235.0,368482.0,563913.0,107735.0,45285.0,,
1971-11-30,722055.0,351249.0,107284.0,243965.0,370806.0,568524.0,108091.0,45440.0,,
1971-12-31,729572.0,352989.0,107405.0,245584.0,376583.0,575054.0,109489.0,45030.0,,
1972-01-31,732648.0,353755.0,110526.0,243229.0,378893.0,580467.0,107029.0,45153.0,,
1972-02-29,737332.0,355882.0,109285.0,246597.0,381450.0,581779.0,109935.0,45618.0,,
1972-03-31,750384.0,363595.0,112300.0,251294.0,386790.0,591684.0,112182.0,46519.0,,
1972-04-30,753765.0,365056.0,112859.0,252197.0,388709.0,594262.0,113043.0,46460.0,,
1972-05-31,759213.0,369895.0,114520.0,255375.0,389318.0,598360.0,114154.0,46698.0,,
1972-06-30,762865.0,370153.0,114818.0,255334.0,392712.0,602171.0,114306.0,46388.0,,
1972-07-31,771217.0,374608.0,116627.0,257980.0,396609.0,609064.0,114953.0,47200.0,,
1972-08-31,777654.0,377828.0,118261.0,259567.0,399827.0,613948.0,115482.0,48225.0,,
1972-09-30,782480.0,380591.0,117886.0,262705.0,401889.0,617142.0,116879.0,48459.0,,
1972-10-31,796296.0,389773.0,122044.0,267729.0,406523.0,627652.0,118510.0,50134.0,,
1972-11-30,801823.0,391265.0,123397.0,267868.0,410558.0,632157.0,118462.0,51205.0,,
1972-12-31,807507.0,393383.0,124809.0,268574.0,414124.0,636793.0,118727.0,51986.0,,
1973-01-31,817893.0,401814.0,129282.0,272532.0,416079.0,646406.0,120155.0,51332.0,,
1973-02-28,827246.0,408082.0,131854.0,276228.0,419164.0,653867.0,121219.0,52159.0,,
1973-03-31,834219.0,411907.0,134299.0,277608.0,422312.0,660298.0,122046.0,51875.0,,
1973-04-30,837194.0,411850.0,132486.0,279364.0,425344.0,661715.0,123030.0,52448.0,,
1973-05-31,843097.0,413985.0,133275.0,280710.0,429111.0,665621.0,123724.0,53752.0,,
1973-06-30,845841.0,412207.0,128124.0,284083.0,433634.0,667042.0,125339.0,53461.0,,
1973-07-31,855707.0,420027.0,130084.0,289943.0,435680.0,671594.0,130250.0,53863.0,,
1973-08-31,854854.0,416089.0,128625.0,287465.0,438765.0,671636.0,128636.0,54582.0,,
1973-09-30,870870.0,426033.0,133692.0,292341.0,444837.0,684793.0,130124.0,55953.0,,
1973-10-31,869804.0,422634.0,129284.0,293350.0,447169.0,682749.0,130218.0,56837.0,,
1973-11-30,878563.0,428184.0,129070.0,299115.0,450379.0,687667.0,131704.0,59192.0,,
1973-12-31,878372.0,426812.0,126250.0,300562.0,451561.0,687102.0,134129.0,57141.0,,
1974-01-31,886383.0,431742.0,126697.0,305045.0,454642.0,692282.0,135996.0,58104.0,,
1974-02-28,891579.0,434040.0,124781.0,309260.0,457539.0,693550.0,138236.0,59793.0,,
1974-03-31,903326.0,440734.0,128480.0,312254.0,462592.0,702323.0,138642.0,62361.0,,
1974-04-30,912696.0,444264.0,129019.0,315245.0,468432.0,708619.0,138707.0,65370.0,,
1974-05-31,924306.0,450545.0,131960.0,318585.0,473761.0,717207.0,139464.0,67635.0,,
1974-06-30,929871.0,450990.0,130769.0,320221.0,478881.0,720033.0,140747.0,69091.0,,
1974-07-31,939755.0,457792.0,133390.0,324402.0,481963.0,726567.0,142802.0,70386.0,,
1974-08-31,956604.0,469617.0,140873.0,328744.0,486987.0,740336.0,146803.0,69465.0,,
1974-09-30,956836.0,464566.0,134710.0,329856.0,492270.0,738406.0,147678.0,70752.0,,
1974-10-31,961014.0,462518.0,131012.0,331506.0,498496.0,739399.0,148463.0,73151.0,,
1974-11-30,957976.0,456909.0,125393.0,331516.0,501066.0,737355.0,150578.0,70043.0,,
1974-12-31,963618.0,454741.0,125039.0,329702.0,508876.0,741877.0,148341.0,73400.0,,
1975-01-31,977418.0,463987.0,129541.0,334446.0,513431.0,755395.0,150504.0,71520.0,,
1975-02-28,991268.0,470861.0,134797.0,336064.0,520406.0,767910.0,151120.0,72237.0,,
1975-03-31,992552.0,469130.0,131023.0,338108.0,523422.0,766306.0,152760.0,73487.0,,
1975-04-30,997164.0,468200.0,131981.0,336219.0,528964.0,768859.0,151587.0,76718.0,,
1975-05-31,1021190.0,486906.0,138125.0,348782.0,534284.0,790258.0,156074.0,74858.0,,
1975-06-30,1029118.0,489517.0,139972.0,349546.0,539601.0,796529.0,156764.0,75825.0,,
1975-07-31,1042183.0,498632.0,144998.0,353634.0,543552.0,804889.0,159373.0,77921.0,,
1975-08-31,1049367.0,502859.0,145423.0,357436.0,546509.0,809826.0,159990.0,79552.0,,
1975-09-30,1057211.0,506765.0,149942.0,356823.0,550446.0,818020.0,159942.0,79250.0,,
1975-10-31,1063165.0,503730.0,147982.0,355748.0,559435.0,824129.0,159580.0,79456.0,,
1975-11-30,1078042.0,513622.0,153247.0,360375.0,564420.0,839538.0,160596.0,77908.0,,
1975-12-31,1094356.0,521801.0,158946.0,362855.0,572555.0,852578.0,160506.0,81273.0,,
1976-01-31,1109511.0,530491.0,161221.0,369270.0,579020.0,861821.0,163963.0,83728.0,,
1976-02-29,1110096.0,530169.0,164160.0,366009.0,579927.0,867428.0,162504.0,80164.0,,
1976-03-31,1117298.0,531540.0,164511.0,367029.0,585758.0,872953.0,163544.0,80801.0,,
1976-04-30,1127835.0,538882.0,167622.0,371259.0,588953.0,881683.0,164546.0,81606.0,,
1976-05-31,1125121.0,532574.0,162194.0,370380.0,592547.0,877514.0,165150.0,82457.0,,
1976-06-30,1142940.0,545453.0,167883.0,377570.0,597487.0,891407.0,167803.0,83729.0,,
1976-07-31,1152069.0,547619.0,169692.0,377927.0,604450.0,900514.0,167133.0,84422.0,,
1976-08-31,1160514.0,549639.0,168689.0,380950.0,610875.0,905620.0,169128.0,85766.0,,
1976-09-30,1171449.0,554100.0,171152.0,382947.0,617349.0,914356.0,169365.0,87728.0,,
1976-10-31,1179485.0,558259.0,170913.0,387346.0,621227.0,918596.0,171337.0,89552.0,,
1976-11-30,1191660.0,561480.0,173245.0,388235.0,630180.0,928047.0,170224.0,93389.0,,
1976-12-31,1214093.0,575450.0,182209.0,393241.0,638643.0,946924.0,172868.0,94301.0,,
1977-01-31,1217387.0,572316.0,177810.0,394506.0,645071.0,945711.0,175566.0,96110.0,,
1977-02-28,1233651.0,581809.0,184060.0,397749.0,651842.0,964301.0,175152.0,94198.0,,
1977-03-31,1240671.0,587069.0,189923.0,397146.0,653602.0,975342.0,174395.0,90934.0,,
1977-04-30,1249733.0,590902.0,188852.0,402050.0,658831.0,980512.0,176172.0,93049.0,,
1977-05-31,1259634.0,593199.0,188579.0,404620.0,666435.0,987514.0,180079.0,92041.0,,
1977-06-30,1266260.0,594678.0,190238.0,404440.0,671582.0,991781.0,180412.0,94067.0,,
1977-07-31,1283215.0,601547.0,191717.0,409831.0,681667.0,1005746.0,181177.0,96292.0,,
1977-08-31,1288494.0,603177.0,194205.0,408972.0,685317.0,1011909.0,179819.0,96765.0,,
1977-09-30,1297423.0,606981.0,196055.0,410926.0,690442.0,1020170.0,179849.0,97404.0,,
1977-10-31,1314335.0,615904.0,197128.0,418776.0,698431.0,1032280.0,182700.0,99356.0,,
1977-11-30,1330036.0,627269.0,200813.0,426457.0,702767.0,1045854.0,187551.0,96631.0,,
1977-12-31,1339260.0,629756.0,204178.0,425578.0,709504.0,1054524.0,184374.0,100363.0,,
1978-01-31,1333023.0,615444.0,191238.0,424206.0,717579.0,1048125.0,185402.0,99496.0,,
1978-02-28,1358857.0,629740.0,198523.0,431217.0,729118.0,1067329.0,189062.0,102466.0,,
1978-03-31,1381387.0,642540.0,204743.0,437797.0,738847.0,1087862.0,191436.0,102089.0,,
1978-04-30,1400235.0,652308.0,213489.0,438819.0,747927.0,1106972.0,191324.0,101939.0,,
1978-05-31,1415872.0,662687.0,216969.0,445718.0,753184.0,1118241.0,193491.0,104141.0,,
1978-06-30,1429772.0,668002.0,218103.0,449899.0,761770.0,1130899.0,196558.0,102316.0,,
1978-07-31,1430807.0,665980.0,215252.0,450728.0,764827.0,1132287.0,196121.0,102399.0,,
1978-08-31,1450981.0,676152.0,221847.0,454305.0,774829.0,1149542.0,197904.0,103534.0,,
1978-09-30,1456935.0,674949.0,213121.0,461828.0,781986.0,1151395.0,201410.0,104129.0,,
1978-10-31,1471001.0,682193.0,220330.0,461863.0,788808.0,1164947.0,200348.0,105706.0,,
1978-11-30,1484675.0,691779.0,222327.0,469453.0,792896.0,1173739.0,203916.0,107020.0,,
1978-12-31,1500520.0,701024.0,224239.0,476785.0,799497.0,1184912.0,206372.0,109236.0,,
1979-01-31,1506302.0,699483.0,220543.0,478941.0,806819.0,1184793.0,209797.0,111712.0,,
1979-02-28,1521645.0,708312.0,223984.0,484329.0,813332.0,1192354.0,210433.0,118857.0,,
1979-03-31,1534997.0,715809.0,225307.0,490502.0,819187.0,1208090.0,212534.0,114373.0,,
1979-04-30,1542315.0,711768.0,222654.0,489114.0,830547.0,1212771.0,210292.0,119252.0,,
1979-05-31,1562714.0,723765.0,224355.0,499411.0,838948.0,1227676.0,214702.0,120336.0,,
1979-06-30,1579622.0,730968.0,219293.0,511675.0,848654.0,1233381.0,222108.0,124133.0,,
1979-07-31,1590142.0,737328.0,226043.0,511285.0,852813.0,1247249.0,216570.0,126323.0,,
1979-08-31,1619676.0,755566.0,231341.0,524225.0,864110.0,1265853.0,220031.0,133792.0,,
1979-09-30,1638130.0,766941.0,235411.0,531530.0,871190.0,1277056.0,223628.0,137446.0,,
1979-10-31,1645995.0,762051.0,228264.0,533787.0,883944.0,1282329.0,223485.0,140181.0,,
1979-11-30,1661710.0,770064.0,228981.0,541083.0,891645.0,1293828.0,228341.0,139541.0,,
1979-12-31,1670683.0,773195.0,229901.0,543293.0,897489.0,1299842.0,228516.0,142325.0,,
1980-01-31,1701575.0,793785.0,239583.0,554202.0,907790.0,1325645.0,231537.0,144393.0,,
1980-02-29,1705593.0,793143.0,232935.0,560208.0,912450.0,1319903.0,232338.0,153351.0,,
1980-03-31,1712392.0,789076.0,223647.0,565429.0,923316.0,1314530.0,234509.0,163352.0,,
1980-04-30,1699454.0,777519.0,212350.0,565169.0,921935.0,1306525.0,234847.0,158081.0,,
1980-05-31,1704287.0,774952.0,208522.0,566429.0,929336.0,1311894.0,236591.0,155802.0,,
1980-06-30,1723016.0,781022.0,214878.0,566144.0,941994.0,1327132.0,236452.0,159432.0,,
1980-07-31,1751175.0,797015.0,226688.0,570327.0,954159.0,1353754.0,238008.0,159413.0,,
1980-08-31,1767713.0,803337.0,223958.0,579379.0,964376.0,1365031.0,242887.0,159795.0,,
1980-09-30,1784144.0,805234.0,225442.0,579792.0,978910.0,1382472.0,242961.0,158711.0,,
1980-10-31,1820425.0,824312.0,236285.0,588027.0,996113.0,1414232.0,245261.0,160931.0,,
1980-11-30,1830169.0,825447.0,236703.0,588744.0,1004722.0,1422881.0,246448.0,160840.0,,
1980-12-31,1855465.0,832681.0,235704.0,596977.0,1022784.0,1440579.0,248165.0,166721.0,,
1981-01-31,1874695.0,849682.0,239899.0,609783.0,1025013.0,1453087.0,250458.0,171150.0,,
1981-02-28,1889352.0,861633.0,247343.0,614290.0,1027719.0,1470369.0,250696.0,168287.0,,
1981-03-31,1908095.0,868958.0,250898.0,618060.0,1039136.0,1482381.0,250669.0,175045.0,,
1981-04-30,1909142.0,863176.0,241690.0,621485.0,1045966.0,1483549.0,253278.0,172314.0,,
1981-05-31,1918174.0,860328.0,239765.0,620563.0,1057846.0,1486643.0,254003.0,177527.0,,
1981-06-30,1938457.0,867849.0,241351.0,626498.0,1070608.0,1499088.0,254670.0,184700.0,,
1981-07-31,1945702.0,871720.0,245207.0,626512.0,1073983.0,1511426.0,255896.0,178380.0,,
1981-08-31,1969789.0,890157.0,260392.0,629765.0,1079632.0,1535754.0,258010.0,176025.0,,
1981-09-30,1968248.0,881279.0,250176.0,631103.0,1086968.0,1533428.0,256190.0,178629.0,,
1981-10-31,1966195.0,870680.0,237256.0,633424.0,1095515.0,1526337.0,259347.0,180512.0,,
1981-11-30,1972376.0,870638.0,236954.0,633684.0,1101738.0,1535557.0,258739.0,178080.0,,
1981-12-31,1989863.0,876320.0,236323.0,639998.0,1113542.0,1543337.0,262103.0,184423.0,,
1982-01-31,1997404.0,878257.0,241002.0,637255.0,1119146.0,1549506.0,261315.0,186583.0,,
1982-02-28,2021361.0,892706.0,249303.0,643403.0,1128655.0,1574075.0,263371.0,183915.0,,
1982-03-31,2024424.0,887914.0,249012.0,638902.0,1136510.0,1580042.0,262086.0,182295.0,,
1982-04-30,2027160.0,882359.0,244854.0,637504.0,1144801.0,1582783.0,264867.0,179510.0,,
1982-05-31,2045914.0,895408.0,256797.0,638611.0,1150506.0,1605558.0,266393.0,173963.0,,
1982-06-30,2050202.0,886076.0,246028.0,640048.0,1164126.0,1603146.0,266360.0,180696.0,,
1982-07-31,2075080.0,900319.0,247762.0,652557.0,1174761.0,1624181.0,269573.0,181326.0,,
1982-08-31,2083687.0,895597.0,248589.0,647009.0,1188090.0,1636480.0,267305.0,179902.0,,
1982-09-30,2108923.0,909561.0,259970.0,649591.0,1199361.0,1659277.0,268879.0,180767.0,,
1982-10-31,2130661.0,910585.0,254134.0,656450.0,1220076.0,1676013.0,272385.0,182263.0,,
1982-11-30,2154696.0,923048.0,268086.0,654961.0,1231649.0,1699299.0,269430.0,185967.0,,
1982-12-31,2167424.0,929655.0,270846.0,658809.0,1237769.0,1716721.0,273723.0,176980.0,,
1983-01-31,2180069.0,923367.0,268310.0,655056.0,1256702.0,1733346.0,268209.0,178514.0,,
1983-02-28,2183055.0,919707.0,266842.0,652865.0,1263348.0,1737457.0,271435.0,174163.0,,
1983-03-31,2208558.0,934658.0,271571.0,663087.0,1273899.0,1752881.0,273102.0,182574.0,,
1983-04-30,2231761.0,947027.0,281694.0,665333.0,1284734.0,1771875.0,274893.0,184993.0,,
1983-05-31,2250959.0,961565.0,288823.0,672743.0,1289394.0,1792134.0,274884.0,183942.0,,
1983-06-30,2280811.0,979304.0,298234.0,681070.0,1301507.0,1816299.0,277388.0,187124.0,,
1983-07-31,2308981.0,989705.0,303363.0,686342.0,1319276.0,1838937.0,279677.0,190367.0,,
1983-08-31,2324830.0,989369.0,301169.0,688200.0,1335461.0,1849754.0,279213.0,195864.0,,
1983-09-30,2339113.0,993320.0,302552.0,690768.0,1345793.0,1867941.0,280469.0,190703.0,,
1983-10-31,2361764.0,1007469.0,313652.0,693817.0,1354294.0,1891500.0,280482.0,189781.0,,
1983-11-30,2370437.0,1012388.0,315864.0,696524.0,1358049.0,1900677.0,282427.0,187334.0,,
1983-12-31,2397892.0,1027519.0,328294.0,699224.0,1370373.0,1912822.0,282256.0,202814.0,,
1984-01-31,2423754.0,1047339.0,336814.0,710525.0,1376414.0,1944466.0,284207.0,195081.0,,
1984-02-29,2408115.0,1030217.0,328742.0,701476.0,1377897.0,1945048.0,284599.0,178468.0,,
1984-03-31,2436387.0,1036129.0,328760.0,707370.0,1400257.0,1952478.0,287517.0,196392.0,,
1984-04-30,2462604.0,1052598.0,336004.0,716594.0,1410005.0,1977168.0,289018.0,196417.0,,
1984-05-31,2479823.0,1061331.0,341679.0,719652.0,1418492.0,1994308.0,289546.0,195970.0,,
1984-06-30,2501241.0,1077001.0,346123.0,730877.0,1424240.0,2013451.0,293274.0,194517.0,,
1984-07-31,2500474.0,1061707.0,341511.0,720196.0,1438767.0,2017598.0,291955.0,190921.0,,
1984-08-31,2518366.0,1061597.0,339745.0,721852.0,1456769.0,2033327.0,293130.0,191909.0,,
1984-09-30,2540287.0,1076621.0,344967.0,731653.0,1463666.0,2050347.0,295463.0,194477.0,,
1984-10-31,2538202.0,1071786.0,343041.0,728744.0,1466417.0,2051942.0,293937.0,192323.0,,
1984-11-30,2578608.0,1095119.0,358422.0,736696.0,1483489.0,2083039.0,296054.0,199515.0,,
1984-12-31,2590004.0,1092960.0,360056.0,732903.0,1497044.0,2104383.0,294522.0,191098.0,,
1985-01-31,2626312.0,1102522.0,365512.0,737010.0,1523789.0,2126243.0,297383.0,202685.0,,
1985-02-28,2648603.0,1110608.0,364877.0,745731.0,1537994.0,2147699.0,298247.0,202657.0,,
1985-03-31,2656764.0,1118045.0,373632.0,744413.0,1538719.0,2164584.0,297837.0,194343.0,,
1985-04-30,2668399.0,1119710.0,365736.0,753974.0,1548689.0,2171583.0,301141.0,195675.0,,
1985-05-31,2705891.0,1138213.0,384336.0,753878.0,1567678.0,2207209.0,300363.0,198320.0,,
1985-06-30,2699307.0,1120109.0,369681.0,750428.0,1579198.0,2201035.0,300116.0,198156.0,,
1985-07-31,2725937.0,1131554.0,376334.0,755220.0,1594383.0,2226211.0,300957.0,198768.0,,
1985-08-31,2762684.0,1151478.0,390290.0,761188.0,1611206.0,2260800.0,302888.0,198996.0,,
1985-09-30,2805607.0,1187775.0,422727.0,765047.0,1617832.0,2298890.0,307473.0,199244.0,,
1985-10-31,2767148.0,1145205.0,379244.0,765961.0,1621943.0,2264976.0,306034.0,196138.0,,
1985-11-30,2782700.0,1156020.0,380844.0,775175.0,1626681.0,2275581.0,309987.0,197133.0,,
1985-12-31,2822778.0,1170066.0,391166.0,778899.0,1652712.0,2297398.0,313011.0,212368.0,,
1986-01-31,2838297.0,1185808.0,401416.0,784392.0,1652489.0,2325300.0,314534.0,198463.0,,
1986-02-28,2831221.0,1166034.0,389362.0,776671.0,1665187.0,2321827.0,313505.0,195889.0,,
1986-03-31,2834676.0,1160789.0,384098.0,776691.0,1673887.0,2333187.0,315510.0,185979.0,,
1986-04-30,2846499.0,1165398.0,404020.0,761378.0,1681101.0,2360263.0,312330.0,173906.0,,
1986-05-31,2869049.0,1182809.0,414173.0,768636.0,1686239.0,2378774.0,314328.0,175947.0,,
1986-06-30,2873548.0,1176019.0,403679.0,772341.0,1697529.0,2376441.0,315699.0,181409.0,,
1986-07-31,2893429.0,1187497.0,415927.0,771570.0,1705932.0,2398739.0,316993.0,177697.0,,
1986-08-31,2911132.0,1202844.0,434383.0,768461.0,1708288.0,2429090.0,314162.0,167880.0,,
1986-09-30,2984643.0,1259906.0,486811.0,773095.0,1724737.0,2494313.0,317673.0,172657.0,,
1986-10-31,2945912.0,1213207.0,434902.0,778306.0,1732705.0,2455393.0,320468.0,170052.0,,
1986-11-30,2941694.0,1195202.0,420002.0,775201.0,1746492.0,2448724.0,320321.0,172650.0,,
1986-12-31,3010779.0,1252009.0,468495.0,783514.0,1758770.0,2519020.0,321452.0,170307.0,,
1987-01-31,2949877.0,1182623.0,399744.0,782879.0,1767253.0,2456930.0,320224.0,172723.0,2649099.0,2156953.0
1987-02-28,3016492.0,1232752.0,426955.0,805797.0,1783740.0,2514337.0,323323.0,178832.0,2712547.0,2211172.0
1987-03-31,3028384.0,1232263.0,428793.0,803470.0,1796121.0,2524327.0,322131.0,181926.0,2724786.0,2221495.0
1987-04-30,3054091.0,1246606.0,437584.0,809022.0,1807485.0,2547328.0,323921.0,182842.0,2746745.0,2240739.0
1987-05-31,3063864.0,1246370.0,433996.0,812374.0,1817494.0,2552638.0,323300.0,187926.0,2755969.0,2245491.0
1987-06-30,3088447.0,1261171.0,445723.0,815448.0,1827276.0,2575709.0,324766.0,187973.0,2781288.0,2269289.0
1987-07-31,3110698.0,1269696.0,452400.0,817295.0,1841003.0,2597569.0,323873.0,189256.0,2801663.0,2289266.0
1987-08-31,3146982.0,1291372.0,468892.0,822481.0,1855609.0,2631061.0,326479.0,189441.0,2835475.0,2320281.0
1987-09-30,3142902.0,1282524.0,460332.0,822192.0,1860378.0,2631196.0,325361.0,186344.0,2831636.0,2320652.0
1987-10-31,3151080.0,1267227.0,443069.0,824159.0,1883852.0,2632855.0,325827.0,192397.0,2837634.0,2320123.0
1987-11-30,3160872.0,1273586.0,447359.0,826227.0,1887286.0,2648632.0,325587.0,186653.0,2845787.0,2334261.0
1987-12-31,3190913.0,1289378.0,459420.0,829959.0,1901535.0,2676035.0,326959.0,187919.0,2876224.0,2362064.0
1988-01-31,3230681.0,1302472.0,470251.0,832221.0,1928209.0,2706756.0,329083.0,194843.0,2907628.0,2384428.0
1988-02-29,3238518.0,1301340.0,468671.0,832669.0,1937178.0,2718597.0,331341.0,188580.0,2912626.0,2393434.0
1988-03-31,3277782.0,1322667.0,472395.0,850272.0,1955115.0,2748726.0,338530.0,190526.0,2952823.0,2424497.0
1988-04-30,3280371.0,1316911.0,467753.0,849158.0,1963461.0,2752830.0,337834.0,189708.0,2953318.0,2426511.0
1988-05-31,3310969.0,1329043.0,474662.0,854381.0,1981925.0,2779503.0,340981.0,190485.0,2980654.0,2449925.0
1988-06-30,3335579.0,1334334.0,477253.0,857081.0,2001245.0,2798562.0,340837.0,196180.0,3004138.0,2467858.0
1988-07-31,3359283.0,1337030.0,472352.0,864678.0,2022253.0,2817177.0,344793.0,197313.0,3021368.0,2479999.0
1988-08-31,3384311.0,1341772.0,470143.0,871629.0,2042539.0,2835818.0,348840.0,199653.0,3045147.0,2497390.0
1988-09-30,3391398.0,1344697.0,468671.0,876026.0,2046702.0,2852075.0,347627.0,191697.0,3049241.0,2510651.0
1988-10-31,3430406.0,1361730.0,477859.0,883871.0,2068676.0,2880063.0,349824.0,200519.0,3086745.0,2537136.0
1988-11-30,3447040.0,1369811.0,481776.0,888035.0,2077229.0,2899374.0,352322.0,195344.0,3102992.0,2556055.0
1988-12-31,3476349.0,1385908.0,498851.0,887056.0,2090441.0,2930613.0,351664.0,194072.0,3130224.0,2585208.0
1989-01-31,3499903.0,1398761.0,496183.0,902578.0,2101141.0,2955049.0,356902.0,187952.0,3148846.0,2604694.0
1989-02-28,3503868.0,1381753.0,481276.0,900478.0,2122114.0,2934600.0,357786.0,211481.0,3154036.0,2585462.0
1989-03-31,3514460.0,1386415.0,481895.0,904520.0,2128044.0,2952436.0,358628.0,203396.0,3164221.0,2602883.0
1989-04-30,3558648.0,1420999.0,500427.0,920572.0,2137649.0,2988065.0,359130.0,211454.0,3203403.0,2633502.0
1989-05-31,3567516.0,1417817.0,487630.0,930187.0,2149699.0,2990126.0,363305.0,214085.0,3213521.0,2636809.0
1989-06-30,3582402.0,1424462.0,491975.0,932487.0,2157940.0,3008492.0,363551.0,210359.0,3226613.0,2653376.0
1989-07-31,3601714.0,1429987.0,497396.0,932591.0,2171727.0,3027935.0,365517.0,208262.0,3245275.0,2672165.0
1989-08-31,3636805.0,1453728.0,518683.0,935045.0,2183077.0,3060588.0,367050.0,209168.0,3280146.0,2704593.0
1989-09-30,3638141.0,1442062.0,500834.0,941227.0,2196080.0,3060158.0,370915.0,207068.0,3280506.0,2703182.0
1989-10-31,3649956.0,1436891.0,493929.0,942962.0,2213065.0,3069952.0,370266.0,209738.0,3291609.0,2712258.0
1989-11-30,3659716.0,1438704.0,490096.0,948608.0,2221011.0,3076511.0,373509.0,209696.0,3302168.0,2719614.0
1989-12-31,3700650.0,1454074.0,491631.0,962443.0,2246576.0,3093495.0,378098.0,229057.0,3340663.0,2734159.0
1990-01-31,3747190.0,1501718.0,536412.0,965306.0,2245473.0,3165861.0,378323.0,203007.0,3382961.0,2802323.0
1990-02-28,3744775.0,1481661.0,505922.0,975739.0,2263114.0,3147502.0,382686.0,214587.0,3379719.0,2783125.0
1990-03-31,3771526.0,1485322.0,503848.0,981473.0,2286205.0,3171223.0,387970.0,212333.0,3405490.0,2805854.0
1990-04-30,3786691.0,1482177.0,505671.0,976505.0,2304514.0,3184987.0,387660.0,214044.0,3418655.0,2817609.0
1990-05-31,3792528.0,1472724.0,495280.0,977443.0,2319804.0,3191435.0,388585.0,212508.0,3423000.0,2822556.0
1990-06-30,3821269.0,1482881.0,494270.0,988611.0,2338389.0,3214101.0,393762.0,213407.0,3448541.0,2842012.0
1990-07-31,3838466.0,1487404.0,496322.0,991082.0,2351061.0,3232198.0,392527.0,213741.0,3465074.0,2859438.0
1990-08-31,3864998.0,1493482.0,489313.0,1004169.0,2371517.0,3240613.0,394865.0,229521.0,3489095.0,2865333.0
1990-09-30,3886740.0,1509143.0,495076.0,1014067.0,2377598.0,3250469.0,399873.0,236399.0,3509018.0,2873365.0
1990-10-31,3887105.0,1502454.0,486124.0,1016331.0,2384651.0,3249396.0,394162.0,243547.0,3510304.0,2873207.0
1990-11-30,3888399.0,1506188.0,482735.0,1023452.0,2382211.0,3249865.0,398679.0,239854.0,3512106.0,2874180.0
1990-12-31,3877840.0,1490465.0,473982.0,1016483.0,2387375.0,3240143.0,395018.0,242678.0,3502131.0,2865038.0
1991-01-31,3857568.0,1465662.0,452701.0,1012961.0,2391906.0,3222479.0,398126.0,236963.0,3479560.0,2845077.0
1991-02-28,3883346.0,1477844.0,466975.0,1010869.0,2405502.0,3264246.0,397861.0,221239.0,3498647.0,2880154.0
1991-03-31,3929743.0,1514016.0,495396.0,1018620.0,2415727.0,3303273.0,405704.0,220766.0,3544244.0,2918384.0
1991-04-30,3923916.0,1491650.0,474416.0,1017234.0,2432266.0,3299166.0,402920.0,221830.0,3539418.0,2915280.0
1991-05-31,3950021.0,1500287.0,473542.0,1026746.0,2449734.0,3306793.0,408986.0,234243.0,3566510.0,2923892.0
1991-06-30,3957136.0,1499103.0,477787.0,1021315.0,2458034.0,3323143.0,406983.0,227011.0,3571178.0,2937796.0
1991-07-31,3982356.0,1510538.0,485355.0,1025183.0,2471817.0,3348439.0,406233.0,227683.0,3594055.0,2960749.0
1991-08-31,3985402.0,1506149.0,479764.0,1026385.0,2479253.0,3356201.0,405834.0,223367.0,3593951.0,2965359.0
1991-09-30,4001160.0,1509497.0,487889.0,1021608.0,2491663.0,3371546.0,403140.0,226474.0,3609128.0,2980121.0
1991-10-31,3992850.0,1492584.0,474135.0,1018449.0,2500266.0,3369826.0,401428.0,221596.0,3601401.0,2978982.0
1991-11-30,4020647.0,1499959.0,477336.0,1022624.0,2520688.0,3389513.0,402479.0,228656.0,3627099.0,2996566.0
1991-12-31,4037713.0,1501920.0,480896.0,1021024.0,2535792.0,3419057.0,395746.0,222909.0,3639838.0,3021780.0
1992-01-31,4101890.0,1535562.0,495581.0,1039980.0,2566329.0,3475770.0,405225.0,220896.0,3701458.0,3075932.0
1992-02-29,4116778.0,1539879.0,501260.0,1038618.0,2576900.0,3499719.0,402571.0,214489.0,3710956.0,3094486.0
1992-03-31,4134335.0,1526104.0,491699.0,1034405.0,2608232.0,3503183.0,400380.0,230772.0,3723370.0,3092805.0
1992-04-30,4149016.0,1533312.0,490006.0,1043306.0,2615704.0,3514150.0,403001.0,231865.0,3737713.0,3103430.0
1992-05-31,4176066.0,1550356.0,501940.0,1048416.0,2625709.0,3544325.0,402169.0,229572.0,3758173.0,3127012.0
1992-06-30,4194989.0,1560953.0,511021.0,1049932.0,2634036.0,3564584.0,401578.0,228827.0,3773767.0,3143938.0
1992-07-31,4223015.0,1563463.0,507248.0,1056215.0,2659552.0,3586493.0,404164.0,232359.0,3798165.0,3162215.0
1992-08-31,4239305.0,1573180.0,511889.0,1061291.0,2666125.0,3605796.0,405515.0,227994.0,3813999.0,3181060.0
1992-09-30,4273904.0,1582781.0,517140.0,1065641.0,2691123.0,3629679.0,404871.0,239354.0,3843081.0,3199423.0
1992-10-31,4303537.0,1596604.0,522696.0,1073908.0,2706933.0,3659782.0,408835.0,234920.0,3870823.0,3227632.0
1992-11-30,4319460.0,1585588.0,514089.0,1071499.0,2733872.0,3666767.0,407705.0,244988.0,3882531.0,3230399.0
1992-12-31,4355570.0,1611430.0,532408.0,1079021.0,2744140.0,3707622.0,407558.0,240391.0,3913486.0,3266096.0
1993-01-31,4359727.0,1616634.0,538135.0,1078499.0,2743093.0,3726495.0,405741.0,227491.0,3913399.0,3280724.0
1993-02-28,4374318.0,1605619.0,524197.0,1081422.0,2768699.0,3715728.0,410302.0,248288.0,3929246.0,3271211.0
1993-03-31,4371420.0,1598690.0,521225.0,1077465.0,2772730.0,3717446.0,408823.0,245151.0,3921021.0,3267599.0
1993-04-30,4412355.0,1625424.0,542978.0,1082446.0,2786932.0,3764714.0,409474.0,238167.0,3956036.0,3308943.0
1993-05-31,4441252.0,1643649.0,551989.0,1091661.0,2797602.0,3792769.0,413203.0,235280.0,3981693.0,3333757.0
1993-06-30,4458757.0,1633433.0,548560.0,1084873.0,2825324.0,3805962.0,411576.0,241218.0,3994139.0,3341889.0
1993-07-31,4487702.0,1650457.0,558589.0,1091868.0,2837245.0,3834467.0,413823.0,239412.0,4018753.0,3366060.0
1993-08-31,4499900.0,1641929.0,551506.0,1090423.0,2857971.0,3842206.0,412602.0,245092.0,4025253.0,3368099.0
1993-09-30,4530492.0,1655111.0,559819.0,1095292.0,2875381.0,3867622.0,416877.0,245993.0,4052858.0,3390525.0
1993-10-31,4551969.0,1669024.0,568851.0,1100173.0,2882945.0,3886699.0,417638.0,247632.0,4072623.0,3407889.0
1993-11-30,4573430.0,1681375.0,574189.0,1107186.0,2892055.0,3911991.0,419869.0,241570.0,4083578.0,3422671.0
1993-12-31,4590667.0,1686816.0,578349.0,1108467.0,2903851.0,3920965.0,421738.0,247964.0,4103417.0,3434245.0
1994-01-31,4604824.0,1689568.0,579642.0,1109926.0,2915256.0,3934196.0,421278.0,249350.0,4107969.0,3437866.0
1994-02-28,4652289.0,1711062.0,593267.0,1117796.0,2941226.0,3979082.0,424414.0,248792.0,4151783.0,3479100.0
1994-03-31,4665446.0,1716375.0,593563.0,1122812.0,2949071.0,3999311.0,426134.0,240001.0,4169878.0,3504264.0
1994-04-30,4690699.0,1733097.0,606989.0,1126108.0,2957602.0,4022149.0,428760.0,239789.0,4188515.0,3520484.0
1994-05-31,4689177.0,1712820.0,588862.0,1123958.0,2976358.0,4017752.0,428646.0,242780.0,4185289.0,3514379.0
1994-06-30,4728766.0,1734527.0,600311.0,1134216.0,2994239.0,4041772.0,433047.0,253947.0,4226231.0,3539750.0
1994-07-31,4740791.0,1741363.0,602087.0,1139276.0,2999428.0,4063368.0,431396.0,246026.0,4234562.0,3557649.0
1994-08-31,4783023.0,1766968.0,612008.0,1154960.0,3016055.0,4094665.0,436039.0,252319.0,4272315.0,3584464.0
1994-09-30,4795523.0,1768343.0,613836.0,1154507.0,3027180.0,4110463.0,438287.0,246772.0,4283053.0,3598498.0
1994-10-31,4833299.0,1790736.0,629639.0,1161097.0,3042563.0,4147147.0,438384.0,247768.0,4314739.0,3629088.0
1994-11-30,4846046.0,1794237.0,635145.0,1159092.0,3051809.0,4165053.0,438845.0,242148.0,4328123.0,3647629.0
1994-12-31,4862329.0,1799548.0,630706.0,1168841.0,3062781.0,4175368.0,440084.0,246877.0,4342136.0,3655671.0
1995-01-31,4871889.0,1796513.0,623560.0,1172952.0,3075376.0,4182780.0,443278.0,245830.0,4351403.0,3662788.0
1995-02-28,4871711.0,1774037.0,613010.0,1161027.0,3097674.0,4179354.0,439065.0,253292.0,4346044.0,3654176.0
1995-03-31,4906454.0,1793769.0,627186.0,1166583.0,3112684.0,4224327.0,440100.0,242026.0,4374992.0,3693352.0
1995-04-30,4911469.0,1781527.0,613173.0,1168354.0,3129942.0,4220754.0,440237.0,250478.0,4382919.0,3692688.0
1995-05-31,4954404.0,1803279.0,624811.0,1178468.0,3151125.0,4256508.0,443528.0,254367.0,4422934.0,3725520.0
1995-06-30,4998997.0,1826889.0,642759.0,1184130.0,3172108.0,4299983.0,443618.0,255397.0,4455507.0,3756971.0
1995-07-31,4991815.0,1813899.0,630976.0,1182923.0,3177916.0,4291234.0,442790.0,257791.0,4458679.0,3758575.0
1995-08-31,5027118.0,1823930.0,645330.0,1178600.0,3203188.0,4322492.0,443625.0,261001.0,4490811.0,3786659.0
1995-09-30,5042456.0,1840873.0,651324.0,1189549.0,3201583.0,4350220.0,445041.0,247195.0,4507581.0,3815817.0
1995-10-31,5035858.0,1819607.0,638070.0,1181537.0,3216251.0,4345783.0,445291.0,244784.0,4496109.0,3806505.0
1995-11-30,5077823.0,1842121.0,650609.0,1191512.0,3235702.0,4378199.0,446255.0,253369.0,4534559.0,3835404.0
1995-12-31,5120127.0,1869952.0,668047.0,1201905.0,3250175.0,4413417.0,452144.0,254566.0,4576448.0,3870204.0
1996-01-31,5108871.0,1845969.0,645840.0,1200129.0,3262902.0,4395419.0,451812.0,261641.0,4555732.0,3842739.0
1996-02-29,5156058.0,1872548.0,663218.0,1209330.0,3283510.0,4438093.0,452557.0,265408.0,4593809.0,3876301.0
1996-03-31,5196442.0,1894477.0,670418.0,1224059.0,3301965.0,4469023.0,455754.0,271666.0,4635863.0,3908899.0
1996-04-30,5231555.0,1917020.0,679506.0,1237514.0,3314535.0,4497765.0,459443.0,274348.0,4668641.0,3935304.0
1996-05-31,5247157.0,1918106.0,680094.0,1238011.0,3329052.0,4511256.0,458783.0,277118.0,4687108.0,3951658.0
1996-06-30,5253692.0,1912492.0,669396.0,1243096.0,3341200.0,4521311.0,462097.0,270284.0,4686374.0,3954442.0
1996-07-31,5275833.0,1917190.0,672857.0,1244333.0,3358643.0,4548739.0,463603.0,263491.0,4696220.0,3969573.0
1996-08-31,5299026.0,1927880.0,681653.0,1246227.0,3371147.0,4565919.0,464203.0,268904.0,4718694.0,3986031.0
1996-09-30,5319996.0,1932590.0,683636.0,1248954.0,3387406.0,4593979.0,465043.0,260974.0,4734315.0,4008739.0
1996-10-31,5351473.0,1952011.0,688842.0,1263169.0,3399461.0,4612093.0,468604.0,270776.0,4775847.0,4036903.0
1996-11-30,5375032.0,1958719.0,692234.0,1266485.0,3416313.0,4629689.0,469618.0,275726.0,4799043.0,4054133.0
1996-12-31,5401696.0,1963047.0,687847.0,1275200.0,3438650.0,4654742.0,471029.0,275926.0,4820918.0,4074395.0
1997-01-31,5434862.0,1975438.0,703285.0,1272153.0,3459424.0,4682459.0,471751.0,280652.0,4846787.0,4094818.0
1997-02-28,5457749.0,1985169.0,701986.0,1283183.0,3472580.0,4704207.0,473426.0,280117.0,4864215.0,4111106.0
1997-03-31,5477568.0,1999473.0,711501.0,1287972.0,3478096.0,4731451.0,475339.0,270778.0,4884172.0,4138484.0
1997-04-30,5482798.0,1976221.0,697484.0,1278736.0,3506577.0,4732418.0,472913.0,277467.0,4883727.0,4133769.0
1997-05-31,5484273.0,1963463.0,690225.0,1273238.0,3520810.0,4746589.0,470716.0,266968.0,4881490.0,4144224.0
1997-06-30,5518159.0,1983899.0,702052.0,1281847.0,3534260.0,4782650.0,471741.0,263768.0,4914080.0,4178984.0
1997-07-31,5573020.0,2007151.0,715724.0,1291427.0,3565869.0,4827849.0,476067.0,269105.0,4963966.0,4219204.0
1997-08-31,5611804.0,2030692.0,732611.0,1298082.0,3581111.0,4867443.0,475996.0,268365.0,4997196.0,4253242.0
1997-09-30,5625556.0,2023565.0,720003.0,1303562.0,3601991.0,4873420.0,477114.0,275022.0,5009021.0,4257288.0
1997-10-31,5661180.0,2028965.0,724657.0,1304308.0,3632214.0,4898221.0,477337.0,285622.0,5038512.0,4275957.0
1997-11-30,5685238.0,2053859.0,740758.0,1313101.0,3631378.0,4931032.0,479134.0,275072.0,5054947.0,4301142.0
1997-12-31,5716423.0,2053281.0,746068.0,1307213.0,3663142.0,4962815.0,475794.0,277814.0,5081955.0,4328745.0
1998-01-31,5714357.0,2042856.0,733022.0,1309834.0,3671501.0,4978874.0,477694.0,257788.0,5075855.0,4340765.0
1998-02-28,5748383.0,2046282.0,739406.0,1306876.0,3702101.0,5009700.0,478485.0,260199.0,5104999.0,4366704.0
1998-03-31,5775036.0,2045170.0,740680.0,1304490.0,3729867.0,5033647.0,480590.0,260799.0,5123112.0,4382110.0
1998-04-30,5812926.0,2072065.0,758094.0,1313972.0,3740860.0,5078153.0,482140.0,252633.0,5157757.0,4423372.0
1998-05-31,5863317.0,2096362.0,778296.0,1318066.0,3766955.0,5117537.0,484072.0,261708.0,5202860.0,4457466.0
1998-06-30,5897249.0,2100093.0,771324.0,1328769.0,3797156.0,5141577.0,487129.0,268543.0,5230197.0,4474910.0
1998-07-31,5915635.0,2103814.0,769397.0,1334417.0,3811821.0,5164459.0,488597.0,262579.0,5239997.0,4489204.0
1998-08-31,5951013.0,2118319.0,784874.0,1333444.0,3832694.0,5201072.0,489503.0,260438.0,5272849.0,4523289.0
1998-09-30,5991795.0,2138256.0,800861.0,1337395.0,3853539.0,5241031.0,491705.0,259059.0,5308957.0,4558571.0
1998-10-31,6025757.0,2164464.0,819438.0,1345026.0,3861294.0,5281524.0,493059.0,251174.0,5338642.0,4594783.0
1998-11-30,6042722.0,2172006.0,817882.0,1354124.0,3870716.0,5300899.0,495635.0,246188.0,5352510.0,4611058.0
1998-12-31,6098156.0,2204916.0,838247.0,1366669.0,3893241.0,5349288.0,500634.0,248234.0,5407539.0,4659039.0
1999-01-31,6099109.0,2188322.0,808365.0,1379957.0,3910787.0,5346101.0,502284.0,250724.0,5409003.0,4656362.0
1999-02-28,6128173.0,2208793.0,824121.0,1384672.0,3919381.0,5379953.0,505295.0,242925.0,5436329.0,4688473.0
1999-03-31,6159728.0,2217276.0,827357.0,1389919.0,3942452.0,5400035.0,506013.0,253681.0,5465723.0,4706390.0
1999-04-30,6223618.0,2255309.0,841321.0,1413987.0,3968309.0,5444144.0,509988.0,269485.0,5522990.0,4743874.0
1999-05-31,6253407.0,2275746.0,855368.0,1420378.0,3977661.0,5473376.0,512428.0,267604.0,5552300.0,4772623.0
1999-06-30,6281908.0,2287067.0,867725.0,1419342.0,3994840.0,5499129.0,510930.0,271849.0,5577772.0,4795344.0
1999-07-31,6309458.0,2286745.0,865238.0,1421507.0,4022713.0,5514744.0,513638.0,281076.0,5599623.0,4805257.0
1999-08-31,6354798.0,2310882.0,871930.0,1438952.0,4043917.0,5554682.0,516887.0,283230.0,5638073.0,4838302.0
1999-09-30,6407406.0,2335150.0,876406.0,1458744.0,4072256.0,5597361.0,522427.0,287618.0,5684932.0,4875230.0
1999-10-31,6431190.0,2329814.0,867977.0,1461838.0,4101376.0,5621133.0,519047.0,291010.0,5702106.0,4892388.0
1999-11-30,6467243.0,2338630.0,871201.0,1467429.0,4128613.0,5668964.0,523337.0,274942.0,5730958.0,4933015.0
1999-12-31,6568233.0,2407477.0,889811.0,1517666.0,4160755.0,5729980.0,544090.0,294163.0,5819829.0,4981910.0
2000-01-31,6564711.0,2371900.0,908629.0,1463271.0,4192811.0,5755153.0,518693.0,290865.0,5807685.0,4998459.0
2000-02-29,6648706.0,2415741.0,930674.0,1485067.0,4232965.0,5823332.0,526549.0,298824.0,5881033.0,5055989.0
2000-03-31,6714816.0,2450517.0,923323.0,1527195.0,4264299.0,5873648.0,535107.0,306061.0,5934081.0,5093239.0
2000-04-30,6701042.0,2428542.0,900602.0,1527939.0,4272500.0,5857365.0,536031.0,307645.0,5927843.0,5084490.0
2000-05-31,6737218.0,2438728.0,906968.0,1531760.0,4298490.0,5888241.0,536633.0,312344.0,5953826.0,5105170.0
2000-06-30,6773560.0,2443072.0,898224.0,1544847.0,4330489.0,5899922.0,542913.0,330725.0,5984877.0,5111557.0
2000-07-31,6793689.0,2444798.0,897288.0,1547510.0,4348891.0,5924546.0,542897.0,326246.0,6001446.0,5132619.0
2000-08-31,6828664.0,2454909.0,906436.0,1548473.0,4373755.0,5961074.0,544258.0,323331.0,6030132.0,5162856.0
2000-09-30,6913068.0,2506762.0,931250.0,1575511.0,4406306.0,6028945.0,546726.0,337397.0,6108273.0,5224460.0
2000-10-31,6919626.0,2492873.0,920566.0,1572307.0,4426753.0,6035926.0,550874.0,332826.0,6111784.0,5228392.0
2000-11-30,6934533.0,2485556.0,913394.0,1572162.0,4448977.0,6047117.0,550617.0,336799.0,6125661.0,5238552.0
2000-12-31,6979051.0,2500836.0,913508.0,1587328.0,4478215.0,6060744.0,555641.0,362666.0,6173529.0,5255527.0
2001-01-31,7009818.0,2498195.0,916450.0,1581745.0,4511624.0,6102402.0,556803.0,350614.0,6195183.0,5288077.0
2001-02-28,7029271.0,2513479.0,938897.0,1574582.0,4515792.0,6126648.0,555929.0,346694.0,6214317.0,5311996.0
2001-03-31,7022056.0,2484975.0,925087.0,1559888.0,4537081.0,6122412.0,554841.0,344803.0,6205171.0,5305823.0
2001-04-30,7036169.0,2490017.0,908345.0,1581671.0,4546152.0,6140033.0,561994.0,334142.0,6208025.0,5312179.0
2001-05-31,7083075.0,2518555.0,915982.0,1602573.0,4564521.0,6168751.0,564908.0,349416.0,6251819.0,5337781.0
2001-06-30,7097052.0,2520487.0,934110.0,1586377.0,4576564.0,6195586.0,563463.0,338002.0,6268910.0,5367727.0
2001-07-31,7109175.0,2516636.0,924998.0,1591638.0,4592539.0,6213975.0,564113.0,331086.0,6275980.0,5381059.0
2001-08-31,7146126.0,2532338.0,942543.0,1589794.0,4613788.0,6261389.0,566296.0,318440.0,6312900.0,5428441.0
2001-09-30,7054775.0,2495701.0,904124.0,1591577.0,4559074.0,6154154.0,569032.0,331589.0,6256699.0,5356354.0
2001-10-31,7250201.0,2626773.0,1035051.0,1591722.0,4623428.0,6365233.0,569561.0,315408.0,6411104.0,5526410.0
2001-11-30,7209585.0,2577290.0,996981.0,1580309.0,4632295.0,6353682.0,568595.0,287308.0,6370088.0,5514460.0
2001-12-31,7189995.0,2528409.0,955613.0,1572796.0,4661586.0,6333918.0,572498.0,283580.0,6348784.0,5492982.0
2002-01-31,7217718.0,2547255.0,969471.0,1577784.0,4670463.0,6367596.0,569189.0,280932.0,6375996.0,5526153.0
2002-02-28,7259686.0,2564265.0,980839.0,1583426.0,4695421.0,6405011.0,571125.0,283550.0,6412137.0,5557742.0
2002-03-31,7276662.0,2567123.0,974519.0,1592604.0,4709539.0,6404648.0,573726.0,298288.0,6428744.0,5557010.0
2002-04-30,7345642.0,2606628.0,1000844.0,1605785.0,4739013.0,6466328.0,571386.0,307928.0,6487312.0,5608279.0
2002-05-31,7321762.0,2562206.0,961059.0,1601147.0,4759556.0,6430723.0,573368.0,317672.0,6462295.0,5571536.0
2002-06-30,7366089.0,2594655.0,977082.0,1617573.0,4771434.0,6478532.0,573975.0,313583.0,6505598.0,5618322.0
2002-07-31,7424231.0,2623087.0,1006329.0,1616758.0,4801144.0,6530525.0,576641.0,317065.0,6558750.0,5665326.0
2002-08-31,7448985.0,2640948.0,1024883.0,1616065.0,4808037.0,6555309.0,574204.0,319472.0,6585153.0,5691759.0
2002-09-30,7426138.0,2596427.0,979394.0,1617032.0,4829711.0,6532422.0,573535.0,320180.0,6551293.0,5657861.0
2002-10-31,7469263.0,2604163.0,968886.0,1635277.0,4865100.0,6556202.0,577113.0,335948.0,6585592.0,5672813.0
2002-11-30,7499831.0,2621468.0,975026.0,1646442.0,4878363.0,6582299.0,583064.0,334469.0,6612337.0,5695087.0
2002-12-31,7552615.0,2654736.0,1006084.0,1648652.0,4897879.0,6635941.0,583300.0,333375.0,6657968.0,5741575.0
2003-01-31,7579533.0,2655862.0,985528.0,1670333.0,4923672.0,6637151.0,586785.0,355597.0,6679016.0,5736909.0
2003-02-28,7573562.0,2642232.0,957423.0,1684809.0,4931330.0,6612138.0,589388.0,372036.0,6680755.0,5719602.0
2003-03-31,7627499.0,2671455.0,979095.0,1692360.0,4956044.0,6669330.0,590530.0,367638.0,6731777.0,5773876.0
2003-04-30,7661658.0,2676633.0,1002286.0,1674346.0,4985025.0,6706266.0,591759.0,363633.0,6762818.0,5807692.0
2003-05-31,7669222.0,2655946.0,1004963.0,1650984.0,5013276.0,6744186.0,588220.0,336817.0,6767816.0,5843046.0
2003-06-30,7722854.0,2696353.0,1016282.0,1680072.0,5026501.0,6798436.0,595665.0,328754.0,6814268.0,5890117.0
2003-07-31,7783764.0,2723618.0,1029094.0,1694525.0,5060146.0,6843526.0,600958.0,339280.0,6863554.0,5923584.0
2003-08-31,7878858.0,2793431.0,1061519.0,1731912.0,5085427.0,6908808.0,607596.0,362453.0,6959400.0,5989622.0
2003-09-30,7874012.0,2778375.0,1036163.0,1742212.0,5095636.0,6898117.0,608836.0,367059.0,6955221.0,5979601.0
2003-10-31,7890644.0,2765340.0,1035241.0,1730099.0,5125304.0,6921987.0,609890.0,358767.0,6964287.0,5995912.0
2003-11-30,7950411.0,2802563.0,1055350.0,1747213.0,5147848.0,6975686.0,613084.0,361642.0,7020137.0,6045699.0
2003-12-31,7974324.0,2796861.0,1047387.0,1749474.0,5177463.0,6994398.0,612253.0,367674.0,7039124.0,6059494.0
2004-01-31,8037326.0,2822295.0,1047287.0,1775007.0,5215032.0,7030834.0,620909.0,385583.0,7097776.0,6091587.0
2004-02-29,8072079.0,2828513.0,1062707.0,1765806.0,5243566.0,7065377.0,617078.0,389624.0,7121668.0,6115277.0
2004-03-31,8120990.0,2873675.0,1076857.0,1796817.0,5247315.0,7121066.0,623435.0,376489.0,7168506.0,6168901.0
2004-04-30,8141566.0,2852461.0,1066426.0,1786035.0,5289104.0,7134428.0,625413.0,381724.0,7179737.0,6172926.0
2004-05-31,8212851.0,2903377.0,1094443.0,1808934.0,5309474.0,7190858.0,628642.0,393351.0,7240273.0,6218613.0
2004-06-30,8204613.0,2863900.0,1054101.0,1809799.0,5340713.0,7175912.0,629233.0,399468.0,7227376.0,6199015.0
2004-07-31,8270652.0,2896351.0,1081618.0,1814733.0,5374301.0,7244283.0,631523.0,394846.0,7288125.0,6262104.0
2004-08-31,8294390.0,2895612.0,1071324.0,1824288.0,5398777.0,7264766.0,634725.0,394899.0,7305600.0,6276328.0
2004-09-30,8372985.0,2938616.0,1099789.0,1838827.0,5434369.0,7328744.0,640365.0,403877.0,7371312.0,6327428.0
2004-10-31,8417861.0,2959309.0,1092324.0,1866985.0,5458552.0,7352533.0,643069.0,422259.0,7418660.0,6353693.0
2004-11-30,8458388.0,2970805.0,1092217.0,1878589.0,5487582.0,7374960.0,646605.0,436822.0,7454859.0,6371798.0
2004-12-31,8516494.0,2998129.0,1118760.0,1879369.0,5518365.0,7435191.0,650258.0,431045.0,7509644.0,6428710.0
2005-01-31,8521157.0,2989710.0,1102384.0,1887327.0,5531447.0,7440448.0,653299.0,427411.0,7508083.0,6427743.0
2005-02-28,8575691.0,3013395.0,1108678.0,1904716.0,5562297.0,7494662.0,655408.0,425621.0,7566428.0,6485769.0
2005-03-31,8622512.0,3016069.0,1120475.0,1895594.0,5606443.0,7521922.0,656803.0,443787.0,7595962.0,6495743.0
2005-04-30,8715868.0,3081882.0,1154863.0,1927018.0,5633986.0,7607492.0,664153.0,444224.0,7679349.0,6571346.0
2005-05-31,8680634.0,3014945.0,1107724.0,1907221.0,5665688.0,7581408.0,661961.0,437264.0,7648689.0,6549840.0
2005-06-30,8775279.0,3075325.0,1159192.0,1916133.0,5699954.0,7671439.0,666686.0,437155.0,7730423.0,6626962.0
2005-07-31,8867903.0,3135096.0,1197828.0,1937267.0,5732807.0,7735635.0,666327.0,465940.0,7820838.0,6688954.0
2005-08-31,8872640.0,3112134.0,1133369.0,1978765.0,5760506.0,7704822.0,670770.0,497048.0,7818965.0,6651535.0
2005-09-30,8923611.0,3129109.0,1105032.0,2024077.0,5794502.0,7701434.0,675462.0,546716.0,7867607.0,6645820.0
2005-10-31,8959555.0,3137216.0,1094138.0,2043079.0,5822339.0,7733546.0,680981.0,545028.0,7890475.0,6664860.0
2005-11-30,8987689.0,3120853.0,1113507.0,2007346.0,5866836.0,7796932.0,682274.0,508482.0,7905684.0,6715328.0
2005-12-31,9026766.0,3137611.0,1129587.0,2008024.0,5889155.0,7837324.0,684469.0,504973.0,7941366.0,6752330.0
2006-01-31,9100107.0,3200268.0,1163410.0,2036858.0,5899838.0,7925032.0,684928.0,490147.0,8004091.0,6829443.0
2006-02-28,9134653.0,3188210.0,1146050.0,2042160.0,5946443.0,7933163.0,691877.0,509613.0,8028274.0,6827223.0
2006-03-31,9168089.0,3187291.0,1150525.0,2036766.0,5980798.0,7972842.0,689719.0,505528.0,8054509.0,6859711.0
2006-04-30,9223277.0,3222554.0,1152431.0,2070123.0,6000724.0,8010048.0,692835.0,520395.0,8107263.0,6894490.0
2006-05-31,9254113.0,3215308.0,1138686.0,2076622.0,6038805.0,8021144.0,697154.0,535815.0,8138077.0,6905572.0
2006-06-30,9283841.0,3229094.0,1149927.0,2079167.0,6054747.0,8059686.0,696835.0,527320.0,8163290.0,6939606.0
2006-07-31,9360404.0,3275776.0,1165641.0,2110135.0,6084627.0,8090210.0,699727.0,570467.0,8240343.0,6970625.0
2006-08-31,9368647.0,3267486.0,1146425.0,2121061.0,6101160.0,8103336.0,703380.0,561930.0,8241509.0,6976678.0
2006-09-30,9393903.0,3259278.0,1161848.0,2097430.0,6134625.0,8162213.0,702119.0,529571.0,8267556.0,7036347.0
2006-10-31,9413279.0,3244487.0,1161992.0,2082495.0,6168792.0,8199122.0,712468.0,501689.0,8277472.0,7063799.0
2006-11-30,9431169.0,3240992.0,1161912.0,2079080.0,6190177.0,8227670.0,712369.0,491130.0,8286252.0,7083234.0
2006-12-31,9516459.0,3298832.0,1174532.0,2124300.0,6217627.0,8296029.0,719713.0,500717.0,8365729.0,7145773.0
2007-01-31,9553069.0,3291034.0,1175278.0,2115756.0,6262035.0,8318355.0,722591.0,512124.0,8398980.0,7164705.0
2007-02-28,9590848.0,3292989.0,1172673.0,2120316.0,6297859.0,8333114.0,725581.0,532153.0,8429875.0,7172559.0
2007-03-31,9631634.0,3322284.0,1172094.0,2150190.0,6309351.0,8375865.0,728443.0,527327.0,8470344.0,7214978.0
2007-04-30,9670579.0,3330621.0,1176095.0,2154527.0,6339958.0,8374637.0,727435.0,568507.0,8505203.0,7209658.0
2007-05-31,9708868.0,3367620.0,1196227.0,2171393.0,6341248.0,8426740.0,731646.0,550482.0,8543914.0,7262176.0
2007-06-30,9723309.0,3354998.0,1182504.0,2172495.0,6368311.0,8434696.0,736220.0,552393.0,8554988.0,7266761.0
2007-07-31,9759596.0,3369935.0,1179351.0,2190583.0,6389662.0,8459753.0,741172.0,558671.0,8580089.0,7280631.0
2007-08-31,9800569.0,3361458.0,1189239.0,2172218.0,6439111.0,8504486.0,738246.0,557837.0,8619992.0,7324296.0
2007-09-30,9837525.0,3392092.0,1201972.0,2190120.0,6445433.0,8527505.0,742196.0,567823.0,8649619.0,7339992.0
2007-10-31,9853911.0,3392367.0,1199406.0,2192961.0,6461544.0,8558029.0,745163.0,550719.0,8666801.0,7371320.0
2007-11-30,9928580.0,3432419.0,1192647.0,2239771.0,6496161.0,8584135.0,752068.0,592377.0,8742125.0,7398092.0
2007-12-31,9947582.0,3431069.0,1178103.0,2252966.0,6516512.0,8592056.0,757222.0,598303.0,8757934.0,7402835.0
2008-01-31,9963173.0,3418973.0,1167064.0,2251909.0,6544200.0,8609449.0,755498.0,598227.0,8770927.0,7417634.0
2008-02-29,9955748.0,3381357.0,1146730.0,2234627.0,6574391.0,8600209.0,755689.0,599850.0,8754064.0,7398955.0
2008-03-31,10004193.0,3418470.0,1143156.0,2275314.0,6585724.0,8610781.0,762401.0,631011.0,8808940.0,7415959.0
2008-04-30,10044642.0,3429737.0,1140319.0,2289418.0,6614905.0,8646565.0,770671.0,627405.0,8840638.0,7442990.0
2008-05-31,10093283.0,3455836.0,1144872.0,2310964.0,6637447.0,8678183.0,774549.0,640551.0,8893500.0,7478826.0
2008-06-30,10149386.0,3490702.0,1134351.0,2356351.0,6658684.0,8688908.0,784423.0,676055.0,8946014.0,7485959.0
2008-07-31,10151095.0,3478006.0,1106573.0,2371433.0,6673089.0,8678177.0,784746.0,688173.0,8950414.0,7477915.0
2008-08-31,10140327.0,3473987.0,1122636.0,2351350.0,6666340.0,8693943.0,784040.0,662344.0,8936385.0,7490418.0
2008-09-30,10083156.0,3398781.0,1076337.0,2322444.0,6684375.0,8648076.0,782433.0,652647.0,8877248.0,7442582.0
2008-10-31,9983296.0,3300193.0,1028015.0,2272178.0,6683104.0,8588682.0,777646.0,616969.0,8785758.0,7391555.0
2008-11-30,9851241.0,3174017.0,1018981.0,2155035.0,6677225.0,8569267.0,774511.0,507463.0,8652364.0,7370798.0
2008-12-31,9744237.0,3088351.0,998357.0,2089995.0,6655885.0,8524974.0,768009.0,451254.0,8568573.0,7349716.0
2009-01-31,9792060.0,3140409.0,1028831.0,2111578.0,6651651.0,8554114.0,770226.0,467720.0,8628574.0,7391018.0
2009-02-28,9775720.0,3151000.0,1010448.0,2140552.0,6624720.0,8536716.0,768751.0,470253.0,8627732.0,7389119.0
2009-03-31,9742890.0,3119463.0,996781.0,2122682.0,6623426.0,8497713.0,767820.0,477356.0,8601015.0,7356231.0
2009-04-30,9741907.0,3115313.0,988831.0,2126483.0,6626593.0,8512034.0,765794.0,464078.0,8606462.0,7376982.0
2009-05-31,9759718.0,3144224.0,1008748.0,2135477.0,6615494.0,8527949.0,768059.0,463710.0,8631043.0,7399668.0
2009-06-30,9807636.0,3185624.0,1016699.0,2168925.0,6622012.0,8537934.0,768388.0,501313.0,8676542.0,7407235.0
2009-07-31,9835159.0,3206832.0,1030476.0,2176356.0,6628328.0,8575362.0,766547.0,493250.0,8703941.0,7444539.0
2009-08-31,9961896.0,3310319.0,1103315.0,2207004.0,6651577.0,8669075.0,767005.0,525816.0,8825682.0,7533257.0
2009-09-30,9875372.0,3217619.0,1003684.0,2213935.0,6657752.0,8580940.0,770322.0,524110.0,8742259.0,7448225.0
2009-10-31,9924564.0,3237751.0,1014713.0,2223038.0,6686814.0,8619004.0,771950.0,533610.0,8780895.0,7475733.0
2009-11-30,9946099.0,3266849.0,1037812.0,2229037.0,6679250.0,8649549.0,772952.0,523599.0,8791651.0,7495498.0
2009-12-31,10000613.0,3285927.0,1039482.0,2246445.0,6714686.0,8668150.0,781685.0,550777.0,8850233.0,7518169.0
2010-01-31,10003390.0,3284995.0,1025644.0,2259351.0,6718395.0,8665790.0,779485.0,558115.0,8848533.0,7511336.0
2010-02-28,10034681.0,3290975.0,1024999.0,2265976.0,6743706.0,8691115.0,790806.0,552760.0,8870162.0,7527002.0
2010-03-31,10095499.0,3338605.0,1069939.0,2268666.0,6756894.0,8773117.0,785792.0,536590.0,8919556.0,7597583.0
2010-04-30,10106906.0,3325198.0,1063522.0,2261676.0,6781708.0,8798182.0,781618.0,527106.0,8922005.0,7613689.0
2010-05-31,10140190.0,3321608.0,1064542.0,2257066.0,6818582.0,8816620.0,783102.0,540467.0,8948488.0,7625326.0
2010-06-30,10165853.0,3330073.0,1066006.0,2264067.0,6835780.0,8845627.0,781232.0,538994.0,8974719.0,7654898.0
2010-07-31,10184305.0,3332362.0,1069815.0,2262547.0,6851944.0,8862912.0,777664.0,543730.0,8990112.0,7669120.0
2010-08-31,10247057.0,3370492.0,1076519.0,2293972.0,6876565.0,8904551.0,790191.0,552315.0,9048265.0,7706155.0
2010-09-30,10268906.0,3384362.0,1078942.0,2305420.0,6884543.0,8924095.0,792002.0,552808.0,9069114.0,7724693.0
2010-10-31,10343716.0,3436407.0,1104937.0,2331471.0,6907309.0,8984064.0,794649.0,565003.0,9137740.0,7778470.0
2010-11-30,10399756.0,3458940.0,1102302.0,2356638.0,6940816.0,9016736.0,803162.0,579858.0,9194616.0,7811970.0
2010-12-31,10436084.0,3479750.0,1101153.0,2378596.0,6956334.0,9019476.0,807098.0,609509.0,9232322.0,7816078.0
2011-01-31,10474689.0,3511374.0,1109185.0,2402189.0,6963315.0,9057962.0,811046.0,605681.0,9264902.0,7848540.0
2011-02-28,10512420.0,3528250.0,1111062.0,2417189.0,6984169.0,9095957.0,817530.0,598932.0,9298603.0,7882507.0
2011-03-31,10583520.0,3562295.0,1125603.0,2436692.0,7021225.0,9140076.0,817510.0,625934.0,9364710.0,7921635.0
2011-04-30,10624644.0,3589652.0,1120805.0,2468846.0,7034992.0,9165772.0,826806.0,632065.0,9405912.0,7947410.0
2011-05-31,10653063.0,3583699.0,1109764.0,2473935.0,7069364.0,9183517.0,826411.0,643135.0,9432172.0,7962997.0
2011-06-30,10676363.0,3590514.0,1106463.0,2484051.0,7085849.0,9214050.0,830208.0,632105.0,9450700.0,7988759.0
2011-07-31,10727095.0,3606666.0,1122517.0,2484149.0,7120429.0,9245763.0,831912.0,649420.0,9492104.0,8011146.0
2011-08-31,10745639.0,3602363.0,1116087.0,2486275.0,7143276.0,9272886.0,837255.0,635498.0,9510571.0,8038193.0
2011-09-30,10790634.0,3630041.0,1132929.0,2497112.0,7160592.0,9313299.0,835127.0,642208.0,9551594.0,8074636.0
2011-10-31,10827551.0,3659614.0,1151734.0,2507879.0,7167937.0,9343954.0,841093.0,642504.0,9595518.0,8112299.0
2011-11-30,10828701.0,3652730.0,1145799.0,2506930.0,7175971.0,9360726.0,842275.0,625700.0,9599473.0,8131877.0
2011-12-31,10827293.0,3640342.0,1151992.0,2488350.0,7186951.0,9387535.0,832588.0,607170.0,9598125.0,8158747.0
2012-01-31,10905563.0,3686456.0,1170127.0,2516329.0,7219107.0,9463754.0,844627.0,597182.0,9658049.0,8216600.0
2012-02-29,10975925.0,3720860.0,1181911.0,2538950.0,7255065.0,9514985.0,843973.0,616967.0,9723962.0,8263367.0
2012-03-31,10987202.0,3735843.0,1184277.0,2551566.0,7251359.0,9530751.0,846303.0,610148.0,9742801.0,8286686.0
2012-04-30,11017359.0,3739448.0,1185609.0,2553839.0,7277911.0,9530642.0,848300.0,638417.0,9779660.0,8293276.0
2012-05-31,11010291.0,3719634.0,1180969.0,2538665.0,7290656.0,9538520.0,848683.0,623088.0,9776466.0,8305031.0
2012-06-30,10997390.0,3692514.0,1178177.0,2514337.0,7304876.0,9543791.0,844946.0,608654.0,9761903.0,8308647.0
2012-07-31,11034902.0,3705993.0,1184750.0,2521243.0,7328908.0,9571922.0,848899.0,614081.0,9795187.0,8332565.0
2012-08-31,11054923.0,3740439.0,1189009.0,2551430.0,7314484.0,9570897.0,847669.0,636356.0,9822764.0,8339117.0
2012-09-30,11130983.0,3787777.0,1208781.0,2578996.0,7343206.0,9625057.0,850125.0,655801.0,9886134.0,8380613.0
2012-10-31,11144735.0,3778706.0,1190744.0,2587962.0,7366029.0,9629843.0,856298.0,658593.0,9888271.0,8373816.0
2012-11-30,11161726.0,3773319.0,1214890.0,2558429.0,7388406.0,9685315.0,852199.0,624212.0,9901793.0,8425857.0
2012-12-31,11186525.0,3787954.0,1233084.0,2554870.0,7398571.0,9723292.0,853441.0,609792.0,9918475.0,8455759.0
2013-01-31,11225360.0,3820328.0,1240806.0,2579522.0,7405032.0,9752703.0,855225.0,617433.0,9963958.0,8491804.0
2013-02-28,11282963.0,3855686.0,1245583.0,2610102.0,7427277.0,9760059.0,861110.0,661793.0,10010601.0,8488190.0
2013-03-31,11261641.0,3806865.0,1228708.0,2578157.0,7454776.0,9756497.0,855759.0,649385.0,9986971.0,8482310.0
2013-04-30,11253931.0,3796238.0,1234300.0,2561938.0,7457693.0,9775395.0,848522.0,630014.0,9974680.0,8496622.0
2013-05-31,11279494.0,3799837.0,1233846.0,2565990.0,7479657.0,9811209.0,852576.0,615708.0,9995427.0,8527618.0
2013-06-30,11320199.0,3814854.0,1243432.0,2571423.0,7505344.0,9844466.0,851781.0,623951.0,10035995.0,8560737.0
2013-07-31,11343123.0,3831958.0,1243493.0,2588465.0,7511165.0,9870243.0,854600.0,618281.0,10062120.0,8589716.0
2013-08-31,11370236.0,3822091.0,1241898.0,2580192.0,7548145.0,9900501.0,856246.0,613489.0,10075574.0,8606319.0
2013-09-30,11423949.0,3849901.0,1238899.0,2611002.0,7574048.0,9929134.0,859420.0,635395.0,10127124.0,8632796.0
2013-10-31,11465233.0,3856440.0,1246830.0,2609611.0,7608793.0,9983819.0,858903.0,622511.0,10156087.0,8675171.0
2013-11-30,11541950.0,3878526.0,1259300.0,2619227.0,7663423.0,10036079.0,863880.0,641990.0,10219501.0,8714140.0
2013-12-31,11566012.0,3881513.0,1243214.0,2638299.0,7684499.0,10040278.0,872546.0,653189.0,10242990.0,8717781.0
2014-01-31,11576322.0,3864818.0,1228091.0,2636727.0,7711504.0,10019889.0,871683.0,684750.0,10259490.0,8703596.0
2014-02-28,11629124.0,3905100.0,1255297.0,2649803.0,7724023.0,10086800.0,873479.0,668845.0,10309752.0,8767980.0
2014-03-31,11715055.0,3942830.0,1293541.0,2649289.0,7772225.0,10182770.0,875127.0,657159.0,10380692.0,8848970.0
2014-04-30,11748351.0,3956829.0,1282653.0,2674176.0,7791522.0,10218173.0,879006.0,651171.0,10403581.0,8873978.0
2014-05-31,11787340.0,3957923.0,1291626.0,2666298.0,7829417.0,10269322.0,880317.0,637701.0,10431457.0,8914023.0
2014-06-30,11840142.0,3976964.0,1300335.0,2676629.0,7863178.0,10331844.0,884895.0,623404.0,10477934.0,8970228.0
2014-07-31,11881054.0,3989481.0,1300065.0,2689416.0,7891573.0,10377051.0,886055.0,617948.0,10514317.0,9010914.0
2014-08-31,11966790.0,4018380.0,1321858.0,2696522.0,7948410.0,10459853.0,889567.0,617370.0,10590760.0,9084429.0
2014-09-30,11975585.0,3993537.0,1306782.0,2686755.0,7982048.0,10472711.0,890135.0,612739.0,10598195.0,9095932.0
2014-10-31,12050418.0,4018007.0,1316895.0,2701112.0,8032410.0,10542826.0,893315.0,614276.0,10661774.0,9154796.0
2014-11-30,12098232.0,4027134.0,1332324.0,2694810.0,8071098.0,10590880.0,894610.0,612741.0,10706570.0,9199835.0
2014-12-31,12095614.0,3994435.0,1327134.0,2667301.0,8101180.0,10640521.0,894644.0,560449.0,10694092.0,9239616.0
2015-01-31,12088312.0,3952321.0,1332073.0,2620249.0,8135991.0,10657132.0,897175.0,534005.0,10683357.0,9252795.0
2015-02-28,12128606.0,3952837.0,1329110.0,2623727.0,8175769.0,10678131.0,895728.0,554747.0,10721710.0,9271853.0
2015-03-31,12209572.0,4020236.0,1364240.0,2655996.0,8189337.0,10770348.0,899372.0,539852.0,10789844.0,9351237.0
2015-04-30,12228298.0,4001549.0,1361514.0,2640035.0,8226748.0,10808473.0,894022.0,525803.0,10793356.0,9374150.0
2015-05-31,12302794.0,4048595.0,1376720.0,2671875.0,8254199.0,10866611.0,894130.0,542054.0,10861988.0,9426425.0
2015-06-30,12321505.0,4038623.0,1361974.0,2676648.0,8282882.0,10875786.0,896114.0,549605.0,10880664.0,9435567.0
2015-07-31,12374942.0,4069709.0,1371299.0,2698410.0,8305233.0,10926801.0,899582.0,548559.0,10923565.0,9476047.0
2015-08-31,12408317.0,4069678.0,1375982.0,2693696.0,8338639.0,10964955.0,899751.0,543610.0,10953640.0,9510903.0
2015-09-30,12440067.0,4062185.0,1382398.0,2679787.0,8377882.0,11010899.0,904013.0,525155.0,10977641.0,9549100.0
2015-10-31,12454069.0,4044099.0,1372364.0,2671735.0,8409970.0,11039479.0,899033.0,515556.0,10982961.0,9569000.0
2015-11-30,12499186.0,4069930.0,1387875.0,2682054.0,8429256.0,11090670.0,902362.0,506154.0,11018600.0,9610714.0
2015-12-31,12531413.0,4068137.0,1390097.0,2678040.0,8463276.0,11141909.0,906204.0,483300.0,11045483.0,9656612.0
2016-01-31,12536624.0,4045467.0,1375868.0,2669599.0,8491157.0,11136713.0,907233.0,492679.0,11047159.0,9647884.0
2016-02-29,12584475.0,4048098.0,1384736.0,2663362.0,8536377.0,11210406.0,907256.0,466812.0,11086455.0,9713025.0
2016-03-31,12593289.0,4047006.0,1387022.0,2659984.0,8546284.0,11231021.0,904828.0,457440.0,11095819.0,9734191.0
2016-04-30,12699844.0,4094996.0,1398633.0,2696364.0,8604848.0,11304466.0,914550.0,480829.0,11191328.0,9796591.0
2016-05-31,12750376.0,4104678.0,1399749.0,2704929.0,8645698.0,11343521.0,917295.0,489560.0,11235221.0,9829010.0
2016-06-30,12814761.0,4125829.0,1404879.0,2720949.0,8688932.0,11392977.0,916737.0,505047.0,11287372.0,9866233.0
2016-07-31,12849353.0,4125831.0,1423801.0,2702030.0,8723522.0,11443387.0,913209.0,492757.0,11306731.0,9901410.0
2016-08-31,12883723.0,4120043.0,1408938.0,2711106.0,8763679.0,11469801.0,915372.0,498549.0,11333025.0,9919749.0
2016-09-30,12965177.0,4157364.0,1427791.0,2729573.0,8807813.0,11541267.0,917600.0,506310.0,11400678.0,9977413.0
2016-10-31,13006157.0,4184236.0,1439878.0,2744358.0,8821921.0,11582521.0,924129.0,499507.0,11440365.0,10017374.0
2016-11-30,13046889.0,4184491.0,1429186.0,2755306.0,8862398.0,11615735.0,922422.0,508732.0,11481722.0,10051212.0
2016-12-31,13117655.0,4218981.0,1451590.0,2767391.0,8898674.0,11660824.0,920261.0,536570.0,11540257.0,10084069.0
2017-01-31,13160004.0,4231883.0,1438234.0,2793649.0,8928121.0,11711897.0,925459.0,522648.0,11570813.0,10123348.0
2017-02-28,13175018.0,4222874.0,1442417.0,2780457.0,8952144.0,11737568.0,923945.0,513504.0,11581054.0,10144246.0
2017-03-31,13239664.0,4237765.0,1448964.0,2788801.0,9001899.0,11786397.0,927897.0,525370.0,11631629.0,10179004.0
2017-04-30,13281740.0,4255219.0,1455100.0,2800119.0,9026522.0,11827441.0,931689.0,522611.0,11667790.0,10214134.0
2017-05-31,13310273.0,4247506.0,1456151.0,2791355.0,9062767.0,11858527.0,932377.0,519369.0,11687176.0,10236076.0
2017-06-30,13329051.0,4238887.0,1458506.0,2780381.0,9090164.0,11892946.0,928446.0,507659.0,11702454.0,10266998.0
2017-07-31,13378306.0,4268666.0,1475646.0,2793020.0,9109640.0,11946124.0,932779.0,499402.0,11749614.0,10318086.0
2017-08-31,13403787.0,4272464.0,1454876.0,2817589.0,9131323.0,11952800.0,939556.0,511431.0,11771180.0,10320852.0
2017-09-30,13522980.0,4350668.0,1496370.0,2854298.0,9172312.0,12038024.0,942345.0,542610.0,11879168.0,10394877.0
2017-10-31,13557375.0,4355710.0,1495198.0,2860511.0,9201666.0,12073607.0,946339.0,537429.0,11904958.0,10421861.0
