Date,Consumption of fixed capital,Private,:Domestic business,::Corporate business,:::Financial,:::Nonfinancial,::Noncorporate business,:::Sole proprietorships and partnerships,::::Farm,::::Nonfarm,:::Other private business,::::Rental income of persons,:::::Nonfarm tenant-occupied housing,:::::Farm tenant-occupied housing,:::::Farms owned by nonoperator landlords,:::::Nonfarm nonresidential properties,::::Proprietors' income,:Households and institutions,::Owner-occupied housing,::Nonprofit institutions serving households,Government,:General government,::Federal,::State and local,:Government enterprises,::Federal,::State and local,:Nonfarm business
1947-03-31,27748.0,16291.0,13578.0,9036.0,293.0,8743.0,4543.0,3597.0,1086.0,2511.0,946.0,848.0,,,,,98.0,2713.0,2128.0,585.0,11457.0,11066.0,9648.0,1418.0,391.0,20.0,371.0,12860.0
1947-06-30,28756.0,17304.0,14400.0,9560.0,313.0,9247.0,4840.0,3842.0,1154.0,2688.0,998.0,892.0,,,,,106.0,2904.0,2280.0,624.0,11452.0,11075.0,9600.0,1475.0,377.0,20.0,357.0,13598.0
1947-09-30,29802.0,18242.0,15175.0,10058.0,330.0,9728.0,5117.0,4077.0,1228.0,2849.0,1040.0,927.0,,,,,113.0,3067.0,2410.0,657.0,11560.0,11152.0,9624.0,1528.0,408.0,32.0,376.0,14328.0
1947-12-31,30497.0,19104.0,15902.0,10529.0,344.0,10185.0,5374.0,4301.0,1308.0,2992.0,1073.0,953.0,,,,,120.0,3200.0,2518.0,682.0,11393.0,10972.0,9392.0,1580.0,421.0,28.0,393.0,14986.0
1948-03-31,30786.0,19887.0,16582.0,10973.0,354.0,10619.0,5610.0,4514.0,1394.0,3120.0,1096.0,970.0,,,,,126.0,3304.0,2604.0,700.0,10899.0,10466.0,8824.0,1642.0,433.0,28.0,405.0,15591.0
1948-06-30,31159.0,20574.0,17180.0,11355.0,363.0,10992.0,5824.0,4709.0,1475.0,3233.0,1115.0,983.0,,,,,132.0,3394.0,2680.0,714.0,10585.0,10134.0,8448.0,1686.0,451.0,28.0,423.0,16125.0
1948-09-30,31672.0,21165.0,17696.0,11680.0,373.0,11307.0,6016.0,4885.0,1552.0,3334.0,1131.0,993.0,,,,,138.0,3470.0,2745.0,725.0,10507.0,10027.0,8292.0,1735.0,480.0,32.0,448.0,16592.0
1948-12-31,31953.0,21661.0,18130.0,11944.0,382.0,11562.0,6186.0,5044.0,1623.0,3421.0,1142.0,998.0,,,,,144.0,3531.0,2799.0,732.0,10292.0,9805.0,8048.0,1757.0,487.0,32.0,455.0,16960.0
1949-03-31,32289.0,22060.0,18483.0,12150.0,392.0,11758.0,6334.0,5185.0,1690.0,3495.0,1149.0,1000.0,,,,,149.0,3578.0,2842.0,736.0,10229.0,9743.0,7988.0,1755.0,486.0,32.0,454.0,17243.0
1949-06-30,32304.0,22432.0,18804.0,12336.0,400.0,11936.0,6468.0,5312.0,1751.0,3561.0,1156.0,1002.0,,,,,154.0,3629.0,2888.0,741.0,9872.0,9386.0,7664.0,1722.0,486.0,32.0,454.0,17502.0
1949-09-30,32320.0,22777.0,19094.0,12505.0,408.0,12097.0,6588.0,5426.0,1805.0,3620.0,1162.0,1005.0,,,,,157.0,3683.0,2937.0,746.0,9543.0,9057.0,7348.0,1709.0,486.0,32.0,454.0,17736.0
1949-12-31,32432.0,23093.0,19352.0,12657.0,416.0,12241.0,6695.0,5526.0,1854.0,3672.0,1169.0,1009.0,,,,,160.0,3742.0,2989.0,753.0,9339.0,8854.0,7152.0,1702.0,485.0,32.0,453.0,17943.0
1950-03-31,32464.0,23384.0,19580.0,12790.0,422.0,12368.0,6789.0,5613.0,1897.0,3716.0,1176.0,1014.0,,,,,162.0,3805.0,3045.0,760.0,9080.0,8595.0,6960.0,1635.0,485.0,32.0,453.0,18127.0
1950-06-30,32798.0,23880.0,19982.0,13042.0,432.0,12610.0,6939.0,5748.0,1951.0,3797.0,1191.0,1026.0,,,,,166.0,3898.0,3121.0,777.0,8918.0,8425.0,6784.0,1641.0,493.0,36.0,457.0,18482.0
1950-09-30,33594.0,24579.0,20559.0,13414.0,445.0,12969.0,7145.0,5930.0,2017.0,3913.0,1215.0,1044.0,,,,,171.0,4020.0,3217.0,803.0,9015.0,8491.0,6776.0,1715.0,524.0,44.0,480.0,19023.0
1950-12-31,34867.0,25484.0,21311.0,13905.0,461.0,13444.0,7406.0,6160.0,2094.0,4066.0,1246.0,1068.0,,,,,178.0,4174.0,3334.0,840.0,9383.0,8839.0,7004.0,1835.0,544.0,44.0,500.0,19717.0
1951-03-31,36277.0,26594.0,22239.0,14515.0,479.0,14036.0,7724.0,6438.0,2183.0,4255.0,1286.0,1100.0,,,,,186.0,4356.0,3471.0,885.0,9683.0,9117.0,7140.0,1977.0,566.0,44.0,522.0,20577.0
1951-06-30,37362.0,27500.0,22985.0,15007.0,495.0,14512.0,7978.0,6660.0,2258.0,4402.0,1318.0,1125.0,,,,,193.0,4515.0,3593.0,922.0,9862.0,9280.0,7220.0,2060.0,582.0,44.0,538.0,21262.0
1951-09-30,38308.0,28198.0,23551.0,15382.0,508.0,14874.0,8169.0,6827.0,2321.0,4506.0,1342.0,1144.0,,,,,198.0,4647.0,3698.0,949.0,10110.0,9511.0,7392.0,2119.0,599.0,48.0,551.0,21780.0
1951-12-31,39081.0,28689.0,23937.0,15640.0,518.0,15122.0,8297.0,6939.0,2371.0,4568.0,1358.0,1156.0,,,,,202.0,4753.0,3786.0,967.0,10392.0,9786.0,7628.0,2158.0,606.0,48.0,558.0,22122.0
1952-03-31,39554.0,28977.0,24142.0,15780.0,525.0,15255.0,8362.0,6996.0,2408.0,4588.0,1366.0,1163.0,,,,,204.0,4835.0,3859.0,976.0,10577.0,9962.0,7824.0,2138.0,615.0,52.0,563.0,22297.0
1952-06-30,40210.0,29318.0,24401.0,15970.0,532.0,15438.0,8431.0,7056.0,2441.0,4616.0,1375.0,1169.0,,,,,206.0,4916.0,3929.0,987.0,10892.0,10262.0,8060.0,2202.0,630.0,60.0,570.0,22537.0
1952-09-30,41002.0,29712.0,24715.0,16212.0,540.0,15672.0,8503.0,7120.0,2469.0,4651.0,1383.0,1175.0,,,,,208.0,4997.0,3998.0,999.0,11290.0,10636.0,8356.0,2280.0,654.0,64.0,590.0,22845.0
1952-12-31,41705.0,30163.0,25083.0,16503.0,548.0,15955.0,8580.0,7188.0,2494.0,4694.0,1392.0,1181.0,,,,,211.0,5079.0,4065.0,1014.0,11542.0,10870.0,8640.0,2230.0,672.0,64.0,608.0,23205.0
1953-03-31,42491.0,30667.0,25506.0,16844.0,556.0,16288.0,8661.0,7260.0,2515.0,4744.0,1401.0,1187.0,,,,,214.0,5162.0,4131.0,1031.0,11824.0,11154.0,8860.0,2294.0,670.0,64.0,606.0,23604.0
1953-06-30,43248.0,31141.0,25900.0,17164.0,566.0,16598.0,8737.0,7327.0,2535.0,4792.0,1410.0,1193.0,,,,,217.0,5240.0,4194.0,1046.0,12107.0,11431.0,9160.0,2271.0,676.0,64.0,612.0,23983.0
1953-09-30,43806.0,31582.0,26267.0,17460.0,577.0,16883.0,8808.0,7390.0,2553.0,4837.0,1418.0,1198.0,,,,,221.0,5315.0,4257.0,1058.0,12224.0,11528.0,9248.0,2280.0,696.0,64.0,632.0,24351.0
1953-12-31,44377.0,31995.0,26607.0,17732.0,589.0,17143.0,8874.0,7448.0,2570.0,4879.0,1426.0,1202.0,,,,,224.0,5387.0,4318.0,1069.0,12382.0,11682.0,9440.0,2242.0,700.0,68.0,632.0,24677.0
1954-03-31,44973.0,32374.0,26918.0,17983.0,603.0,17380.0,8935.0,7502.0,2585.0,4917.0,1433.0,1206.0,,,,,227.0,5456.0,4378.0,1078.0,12599.0,11895.0,9684.0,2211.0,704.0,72.0,632.0,24975.0
1954-06-30,45707.0,32759.0,27222.0,18225.0,613.0,17612.0,8997.0,7556.0,2597.0,4959.0,1441.0,1212.0,,,,,229.0,5537.0,4448.0,1089.0,12948.0,12237.0,9908.0,2329.0,711.0,72.0,639.0,25273.0
1954-09-30,46283.0,33150.0,27520.0,18461.0,621.0,17840.0,9059.0,7608.0,2604.0,5004.0,1451.0,1220.0,,,,,231.0,5631.0,4528.0,1103.0,13133.0,12409.0,10084.0,2325.0,724.0,72.0,652.0,25576.0
1954-12-31,46960.0,33548.0,27811.0,18691.0,627.0,18064.0,9120.0,7658.0,2606.0,5052.0,1462.0,1230.0,,,,,232.0,5736.0,4618.0,1118.0,13412.0,12680.0,10300.0,2380.0,732.0,72.0,660.0,25870.0
1955-03-31,47450.0,33949.0,28096.0,18912.0,629.0,18283.0,9183.0,7708.0,2605.0,5103.0,1475.0,1242.0,,,,,233.0,5855.0,4718.0,1137.0,13501.0,12768.0,10420.0,2348.0,733.0,72.0,661.0,26156.0
1955-06-30,48190.0,34528.0,28544.0,19261.0,638.0,18623.0,9284.0,7793.0,2614.0,5179.0,1491.0,1256.0,,,,,235.0,5985.0,4825.0,1160.0,13662.0,12912.0,10524.0,2388.0,750.0,76.0,674.0,26610.0
1955-09-30,49324.0,35281.0,29155.0,19734.0,652.0,19082.0,9421.0,7911.0,2634.0,5278.0,1510.0,1271.0,,,,,239.0,6126.0,4938.0,1188.0,14043.0,13264.0,10732.0,2532.0,779.0,80.0,699.0,27229.0
1955-12-31,50574.0,36209.0,29930.0,20333.0,673.0,19660.0,9596.0,8064.0,2664.0,5400.0,1532.0,1287.0,,,,,245.0,6279.0,5059.0,1220.0,14365.0,13571.0,10960.0,2611.0,794.0,80.0,714.0,27986.0
1956-03-31,52140.0,37312.0,30868.0,21058.0,699.0,20359.0,9809.0,8251.0,2704.0,5547.0,1558.0,1305.0,,,,,253.0,6443.0,5186.0,1257.0,14828.0,14006.0,11284.0,2722.0,822.0,84.0,738.0,28909.0
1956-06-30,53501.0,38352.0,31760.0,21760.0,723.0,21037.0,10000.0,8420.0,2738.0,5682.0,1580.0,1320.0,,,,,260.0,6592.0,5298.0,1294.0,15149.0,14302.0,11484.0,2818.0,847.0,88.0,759.0,29790.0
1956-09-30,54824.0,39329.0,32606.0,22439.0,744.0,21695.0,10167.0,8570.0,2765.0,5806.0,1597.0,1331.0,,,,,265.0,6723.0,5394.0,1329.0,15495.0,14623.0,11712.0,2911.0,872.0,88.0,784.0,30632.0
1956-12-31,56034.0,40243.0,33406.0,23095.0,762.0,22333.0,10312.0,8702.0,2785.0,5917.0,1610.0,1340.0,,,,,270.0,6838.0,5474.0,1364.0,15791.0,14905.0,11928.0,2977.0,886.0,88.0,798.0,31423.0
1957-03-31,57308.0,41095.0,34160.0,23727.0,777.0,22950.0,10433.0,8815.0,2798.0,6017.0,1618.0,1346.0,,,,,273.0,6936.0,5539.0,1397.0,16213.0,15308.0,12284.0,3024.0,905.0,92.0,813.0,32181.0
1957-06-30,58415.0,41901.0,34875.0,24314.0,795.0,23519.0,10560.0,8933.0,2818.0,6115.0,1627.0,1351.0,,,,,276.0,7027.0,5601.0,1426.0,16514.0,15579.0,12472.0,3107.0,935.0,96.0,839.0,32903.0
1957-09-30,59488.0,42659.0,35550.0,24858.0,817.0,24041.0,10692.0,9056.0,2845.0,6211.0,1636.0,1356.0,,,,,281.0,7109.0,5661.0,1448.0,16829.0,15881.0,12740.0,3141.0,948.0,96.0,852.0,33562.0
1957-12-31,60438.0,43370.0,36187.0,25356.0,842.0,24514.0,10830.0,9184.0,2878.0,6305.0,1646.0,1360.0,,,,,286.0,7184.0,5719.0,1465.0,17068.0,16114.0,12972.0,3142.0,954.0,96.0,858.0,34169.0
1958-03-31,61062.0,44035.0,36784.0,25811.0,871.0,24940.0,10973.0,9316.0,2918.0,6398.0,1657.0,1364.0,,,,,292.0,7250.0,5774.0,1476.0,17027.0,16071.0,12960.0,3111.0,956.0,96.0,860.0,34725.0
1958-06-30,61962.0,44651.0,37322.0,26227.0,894.0,25333.0,11095.0,9429.0,2953.0,6476.0,1666.0,1369.0,,,,,297.0,7329.0,5838.0,1491.0,17311.0,16337.0,13144.0,3193.0,974.0,96.0,878.0,35243.0
1958-09-30,62917.0,45220.0,37801.0,26604.0,912.0,25692.0,11198.0,9524.0,2982.0,6541.0,1674.0,1374.0,,,,,299.0,7418.0,5909.0,1509.0,17697.0,16701.0,13428.0,3273.0,996.0,100.0,896.0,35712.0
1958-12-31,63761.0,45739.0,38220.0,26941.0,923.0,26018.0,11279.0,9599.0,3006.0,6593.0,1680.0,1380.0,,,,,300.0,7518.0,5987.0,1531.0,18022.0,17010.0,13684.0,3326.0,1012.0,100.0,912.0,36121.0
1959-03-31,64470.0,46211.0,38581.0,27241.0,930.0,26311.0,11340.0,9655.0,3025.0,6631.0,1685.0,1386.0,,,,,299.0,7630.0,6074.0,1556.0,18259.0,17246.0,13844.0,3402.0,1013.0,108.0,905.0,36462.0
1959-06-30,65126.0,46643.0,38904.0,27512.0,933.0,26579.0,11393.0,9692.0,3033.0,6658.0,1701.0,1403.0,,,,,297.0,7739.0,6157.0,1582.0,18483.0,17468.0,14036.0,3432.0,1015.0,116.0,899.0,36776.0
1959-09-30,65772.0,47034.0,39191.0,27756.0,934.0,26822.0,11435.0,9708.0,3032.0,6676.0,1727.0,1432.0,,,,,295.0,7843.0,6235.0,1608.0,18738.0,17713.0,14256.0,3457.0,1025.0,116.0,909.0,37071.0
1959-12-31,66387.0,47385.0,39441.0,27972.0,931.0,27041.0,11468.0,9705.0,3022.0,6683.0,1763.0,1471.0,,,,,293.0,7944.0,6310.0,1634.0,19002.0,17957.0,14476.0,3481.0,1045.0,124.0,921.0,37350.0
1960-03-31,66973.0,47695.0,39654.0,28161.0,926.0,27235.0,11493.0,9682.0,3002.0,6681.0,1811.0,1521.0,,,,,290.0,8042.0,6381.0,1661.0,19278.0,18219.0,14700.0,3519.0,1059.0,124.0,935.0,37595.0
1960-06-30,67560.0,48025.0,39891.0,28367.0,925.0,27442.0,11524.0,9670.0,2987.0,6683.0,1854.0,1566.0,,,,,288.0,8133.0,6447.0,1686.0,19535.0,18450.0,14884.0,3566.0,1085.0,136.0,949.0,37870.0
1960-09-30,68199.0,48373.0,40153.0,28591.0,927.0,27664.0,11562.0,9668.0,2978.0,6690.0,1894.0,1605.0,,,,,288.0,8220.0,6509.0,1711.0,19826.0,18731.0,15116.0,3615.0,1095.0,132.0,963.0,38149.0
1960-12-31,68842.0,48740.0,40438.0,28832.0,933.0,27899.0,11606.0,9676.0,2974.0,6702.0,1930.0,1640.0,,,,,289.0,8301.0,6567.0,1734.0,20102.0,18985.0,15320.0,3665.0,1117.0,140.0,977.0,38458.0
1961-03-31,69505.0,49124.0,40748.0,29091.0,943.0,28148.0,11656.0,9694.0,2976.0,6718.0,1962.0,1670.0,,,,,292.0,8377.0,6620.0,1757.0,20381.0,19255.0,15536.0,3719.0,1126.0,136.0,990.0,38773.0
1961-06-30,70194.0,49540.0,41087.0,29368.0,954.0,28414.0,11719.0,9719.0,2980.0,6739.0,2000.0,1706.0,,,,,294.0,8455.0,6672.0,1783.0,20654.0,19508.0,15732.0,3776.0,1146.0,144.0,1002.0,39126.0
1961-09-30,70949.0,49991.0,41456.0,29662.0,965.0,28697.0,11793.0,9749.0,2986.0,6763.0,2044.0,1748.0,,,,,296.0,8535.0,6723.0,1812.0,20958.0,19793.0,15964.0,3829.0,1165.0,148.0,1017.0,39506.0
1961-12-31,71779.0,50473.0,41854.0,29974.0,977.0,28997.0,11880.0,9786.0,2995.0,6791.0,2094.0,1796.0,,,,,298.0,8618.0,6774.0,1844.0,21306.0,20125.0,16236.0,3889.0,1181.0,148.0,1033.0,39909.0
1962-03-31,72714.0,50986.0,42283.0,30304.0,990.0,29314.0,11978.0,9829.0,3006.0,6824.0,2149.0,1850.0,,,,,299.0,8703.0,6823.0,1880.0,21728.0,20527.0,16552.0,3975.0,1201.0,152.0,1049.0,40345.0
1962-06-30,73519.0,51515.0,42719.0,30649.0,1004.0,29645.0,12070.0,9877.0,3019.0,6858.0,2193.0,1892.0,,,,,301.0,8795.0,6879.0,1916.0,22004.0,20780.0,16728.0,4052.0,1224.0,156.0,1068.0,40788.0
1962-09-30,74559.0,52055.0,43164.0,31008.0,1019.0,29989.0,12156.0,9930.0,3036.0,6894.0,2226.0,1923.0,,,,,303.0,8892.0,6940.0,1952.0,22504.0,21260.0,17144.0,4116.0,1244.0,160.0,1084.0,41234.0
1962-12-31,75610.0,52612.0,43618.0,31382.0,1034.0,30348.0,12236.0,9988.0,3055.0,6933.0,2248.0,1943.0,,,,,305.0,8994.0,7006.0,1988.0,22998.0,21728.0,17532.0,4196.0,1270.0,168.0,1102.0,41692.0
1963-03-31,76511.0,53182.0,44080.0,31771.0,1051.0,30720.0,12308.0,10050.0,3077.0,6973.0,2258.0,1951.0,,,,,308.0,9102.0,7079.0,2023.0,23329.0,22045.0,17780.0,4265.0,1284.0,168.0,1116.0,42143.0
1963-06-30,77508.0,53801.0,44581.0,32185.0,1068.0,31117.0,12396.0,10121.0,3100.0,7021.0,2275.0,1965.0,,,,,310.0,9220.0,7159.0,2061.0,23707.0,22407.0,18060.0,4347.0,1300.0,168.0,1132.0,42635.0
1963-09-30,78464.0,54466.0,45120.0,32622.0,1084.0,31538.0,12497.0,10199.0,3123.0,7076.0,2298.0,1986.0,,,,,312.0,9347.0,7247.0,2100.0,23998.0,22681.0,18260.0,4421.0,1317.0,168.0,1149.0,43164.0
1963-12-31,79525.0,55182.0,45699.0,33085.0,1101.0,31984.0,12614.0,10286.0,3148.0,7138.0,2328.0,2014.0,,,,,314.0,9484.0,7343.0,2141.0,24343.0,22993.0,18484.0,4509.0,1350.0,176.0,1174.0,43749.0
1964-03-31,80602.0,55947.0,46317.0,33572.0,1118.0,32454.0,12745.0,10381.0,3173.0,7208.0,2364.0,2049.0,,,,,315.0,9629.0,7446.0,2183.0,24655.0,23291.0,18700.0,4591.0,1364.0,176.0,1188.0,44352.0
1964-06-30,81750.0,56784.0,46995.0,34103.0,1142.0,32961.0,12892.0,10490.0,3205.0,7285.0,2402.0,2085.0,,,,,317.0,9789.0,7561.0,2228.0,24966.0,23582.0,18912.0,4670.0,1384.0,176.0,1208.0,45015.0
1964-09-30,82951.0,57694.0,47732.0,34678.0,1172.0,33506.0,13054.0,10612.0,3244.0,7368.0,2442.0,2123.0,,,,,319.0,9961.0,7686.0,2275.0,25257.0,23848.0,19096.0,4752.0,1409.0,184.0,1225.0,45734.0
1964-12-31,84211.0,58676.0,48528.0,35296.0,1208.0,34088.0,13233.0,10749.0,3290.0,7459.0,2484.0,2163.0,,,,,321.0,10148.0,7823.0,2325.0,25535.0,24102.0,19264.0,4838.0,1433.0,188.0,1245.0,46505.0
1965-03-31,85587.0,59733.0,49384.0,35958.0,1251.0,34707.0,13426.0,10899.0,3342.0,7557.0,2527.0,2205.0,,,,,323.0,10348.0,7971.0,2377.0,25854.0,24391.0,19432.0,4959.0,1463.0,192.0,1271.0,47334.0
1965-06-30,87115.0,60887.0,50334.0,36695.0,1292.0,35403.0,13639.0,11062.0,3397.0,7664.0,2577.0,2252.0,,,,,325.0,10553.0,8120.0,2433.0,26228.0,24737.0,19652.0,5085.0,1491.0,196.0,1295.0,48252.0
1965-09-30,88756.0,62143.0,51379.0,37509.0,1333.0,36176.0,13870.0,11237.0,3456.0,7782.0,2633.0,2306.0,,,,,327.0,10765.0,8272.0,2493.0,26613.0,25097.0,19904.0,5193.0,1516.0,196.0,1320.0,49259.0
1965-12-31,90463.0,63500.0,52519.0,38398.0,1372.0,37026.0,14121.0,11426.0,3517.0,7909.0,2695.0,2365.0,,,,,329.0,10981.0,8425.0,2556.0,26963.0,25419.0,20108.0,5311.0,1544.0,200.0,1344.0,50361.0
1966-03-31,92298.0,64957.0,53753.0,39363.0,1410.0,37953.0,14391.0,11628.0,3581.0,8047.0,2763.0,2431.0,,,,,332.0,11203.0,8580.0,2623.0,27341.0,25764.0,20336.0,5428.0,1577.0,204.0,1373.0,51559.0
1966-06-30,94312.0,66424.0,55000.0,40347.0,1448.0,38899.0,14653.0,11829.0,3648.0,8181.0,2824.0,2490.0,,,,,335.0,11424.0,8735.0,2689.0,27888.0,26267.0,20644.0,5623.0,1621.0,212.0,1409.0,52778.0
1966-09-30,96268.0,67905.0,56261.0,41352.0,1487.0,39865.0,14908.0,12028.0,3717.0,8311.0,2880.0,2541.0,,,,,339.0,11644.0,8891.0,2753.0,28363.0,26709.0,20944.0,5765.0,1654.0,220.0,1434.0,53997.0
1966-12-31,98294.0,69396.0,57534.0,42377.0,1527.0,40850.0,15156.0,12227.0,3790.0,8438.0,2929.0,2586.0,,,,,343.0,11862.0,9047.0,2815.0,28898.0,27211.0,21288.0,5923.0,1687.0,224.0,1463.0,55225.0
1967-03-31,100244.0,70899.0,58820.0,43423.0,1568.0,41855.0,15397.0,12425.0,3865.0,8561.0,2972.0,2624.0,,,,,348.0,12079.0,9203.0,2876.0,29345.0,27617.0,21576.0,6041.0,1728.0,236.0,1492.0,56470.0
1967-06-30,102321.0,72472.0,60159.0,44511.0,1615.0,42896.0,15649.0,12631.0,3936.0,8694.0,3018.0,2665.0,,,,,353.0,12313.0,9373.0,2940.0,29849.0,28096.0,21960.0,6136.0,1753.0,236.0,1517.0,57756.0
1967-09-30,104584.0,74113.0,61550.0,45639.0,1667.0,43972.0,15911.0,12843.0,4005.0,8838.0,3068.0,2710.0,,,,,359.0,12562.0,9555.0,3007.0,30471.0,28680.0,22368.0,6312.0,1791.0,244.0,1547.0,59111.0
1967-12-31,106930.0,75822.0,62994.0,46811.0,1726.0,45085.0,16182.0,13061.0,4070.0,8991.0,3121.0,2757.0,,,,,365.0,12826.0,9749.0,3077.0,31108.0,29275.0,22800.0,6475.0,1833.0,252.0,1581.0,60526.0
1968-03-31,109438.0,77596.0,64490.0,48025.0,1791.0,46234.0,16465.0,13287.0,4132.0,9156.0,3178.0,2807.0,,,,,371.0,13106.0,9957.0,3149.0,31842.0,29955.0,23248.0,6707.0,1887.0,260.0,1627.0,62009.0
1968-06-30,111914.0,79510.0,66078.0,49297.0,1860.0,47437.0,16780.0,13539.0,4195.0,9343.0,3241.0,2864.0,,,,,377.0,13431.0,10202.0,3229.0,32404.0,30469.0,23616.0,6853.0,1935.0,272.0,1663.0,63576.0
1968-09-30,114524.0,81558.0,67756.0,50628.0,1935.0,48693.0,17128.0,13816.0,4261.0,9555.0,3312.0,2929.0,,,,,383.0,13803.0,10487.0,3316.0,32966.0,30991.0,24052.0,6939.0,1975.0,276.0,1699.0,65222.0
1968-12-31,117420.0,83744.0,69524.0,52017.0,2014.0,50003.0,17507.0,14118.0,4328.0,9790.0,3389.0,3001.0,,,,,388.0,14220.0,10810.0,3410.0,33676.0,31631.0,24440.0,7191.0,2045.0,288.0,1757.0,66987.0
1969-03-31,120457.0,86068.0,71384.0,53465.0,2098.0,51367.0,17920.0,14447.0,4397.0,10049.0,3473.0,3080.0,,,,,393.0,14683.0,11172.0,3511.0,34389.0,32277.0,24872.0,7405.0,2112.0,300.0,1812.0,68838.0
1969-06-30,123462.0,88342.0,73254.0,54939.0,2180.0,52759.0,18314.0,14770.0,4464.0,10306.0,3544.0,3145.0,,,,,399.0,15089.0,11478.0,3611.0,35120.0,32953.0,25268.0,7685.0,2167.0,304.0,1863.0,70690.0
1969-09-30,126288.0,90571.0,75133.0,56441.0,2261.0,54180.0,18691.0,15090.0,4530.0,10560.0,3601.0,3197.0,,,,,405.0,15438.0,11729.0,3709.0,35717.0,33494.0,25652.0,7842.0,2223.0,308.0,1915.0,72553.0
1969-12-31,129245.0,92752.0,77022.0,57971.0,2341.0,55630.0,19050.0,15405.0,4593.0,10812.0,3645.0,3234.0,,,,,411.0,15730.0,11925.0,3805.0,36493.0,34196.0,26076.0,8120.0,2297.0,324.0,1973.0,74447.0
1970-03-31,132182.0,94886.0,78920.0,59529.0,2420.0,57109.0,19392.0,15716.0,4654.0,11061.0,3676.0,3257.0,,,,,418.0,15966.0,12066.0,3900.0,37296.0,34938.0,26564.0,8374.0,2358.0,332.0,2026.0,76339.0
1970-06-30,135213.0,97089.0,80828.0,61062.0,2501.0,58561.0,19766.0,16046.0,4723.0,11323.0,3720.0,3294.0,,,,,426.0,16261.0,12261.0,4000.0,38124.0,35692.0,27016.0,8676.0,2432.0,344.0,2088.0,78245.0
1970-09-30,138293.0,99359.0,82744.0,62571.0,2585.0,59986.0,20173.0,16395.0,4799.0,11596.0,3778.0,3343.0,,,,,435.0,16616.0,12511.0,4105.0,38934.0,36427.0,27468.0,8959.0,2507.0,360.0,2147.0,80153.0
1970-12-31,141443.0,101698.0,84668.0,64054.0,2671.0,61383.0,20614.0,16764.0,4883.0,11880.0,3850.0,3406.0,,,,,444.0,17030.0,12814.0,4216.0,39745.0,37166.0,27860.0,9306.0,2579.0,368.0,2211.0,82059.0
1971-03-31,144569.0,104104.0,86601.0,65513.0,2759.0,62754.0,21088.0,17152.0,4974.0,12177.0,3936.0,3482.0,,,,,454.0,17503.0,13171.0,4332.0,40465.0,37809.0,28264.0,9545.0,2656.0,384.0,2272.0,83970.0
1971-06-30,147528.0,106479.0,88498.0,66939.0,2846.0,64093.0,21559.0,17534.0,5067.0,12467.0,4025.0,3562.0,,,,,464.0,17981.0,13527.0,4454.0,41049.0,38306.0,28540.0,9766.0,2743.0,396.0,2347.0,85854.0
1971-09-30,150313.0,108822.0,90360.0,68333.0,2931.0,65402.0,22026.0,17910.0,5161.0,12749.0,4116.0,3645.0,,,,,472.0,18463.0,13881.0,4582.0,41491.0,38661.0,28728.0,9933.0,2830.0,416.0,2414.0,87701.0
1971-12-31,153052.0,111134.0,92185.0,69694.0,3015.0,66679.0,22491.0,18281.0,5257.0,13024.0,4210.0,3732.0,,,,,479.0,18949.0,14233.0,4716.0,41918.0,38997.0,28840.0,10157.0,2921.0,424.0,2497.0,89513.0
1972-03-31,156127.0,113413.0,93975.0,71023.0,3097.0,67926.0,22953.0,18646.0,5355.0,13291.0,4307.0,3822.0,,,,,484.0,19439.0,14583.0,4856.0,42714.0,39706.0,29348.0,10358.0,3008.0,444.0,2564.0,91285.0
1972-06-30,159022.0,115956.0,95961.0,72521.0,3192.0,69329.0,23441.0,19029.0,5449.0,13580.0,4412.0,3921.0,,,,,491.0,19995.0,14991.0,5004.0,43066.0,39994.0,29472.0,10522.0,3072.0,452.0,2620.0,93233.0
1972-09-30,162388.0,118762.0,98144.0,74189.0,3299.0,70890.0,23955.0,19431.0,5540.0,13890.0,4524.0,4026.0,,,,,498.0,20618.0,15457.0,5161.0,43626.0,40473.0,29708.0,10765.0,3153.0,476.0,2677.0,95398.0
1972-12-31,166049.0,121831.0,100523.0,76027.0,3420.0,72607.0,24496.0,19851.0,5628.0,14222.0,4645.0,4139.0,,,,,506.0,21308.0,15981.0,5327.0,44218.0,40986.0,29936.0,11050.0,3232.0,484.0,2748.0,97760.0
1973-03-31,170242.0,125163.0,103099.0,78035.0,3553.0,74482.0,25063.0,20289.0,5714.0,14576.0,4774.0,4259.0,,,,,515.0,22065.0,16564.0,5501.0,45079.0,41738.0,30384.0,11354.0,3341.0,508.0,2833.0,100353.0
1973-06-30,175077.0,129026.0,106156.0,80416.0,3705.0,76711.0,25740.0,20826.0,5846.0,14980.0,4914.0,4388.0,,,,,526.0,22870.0,17171.0,5699.0,46051.0,42598.0,30908.0,11690.0,3453.0,532.0,2921.0,103379.0
1973-09-30,180430.0,133421.0,109697.0,83171.0,3876.0,79295.0,26526.0,21461.0,6026.0,15435.0,5065.0,4525.0,,,,,540.0,23724.0,17803.0,5921.0,47009.0,43449.0,31424.0,12025.0,3560.0,552.0,3008.0,106832.0
1973-12-31,186569.0,138345.0,113720.0,86299.0,4066.0,82233.0,27422.0,22195.0,6254.0,15941.0,5227.0,4671.0,,,,,556.0,24626.0,18459.0,6167.0,48224.0,44551.0,32060.0,12491.0,3673.0,572.0,3101.0,110723.0
1974-03-31,193626.0,143802.0,118226.0,89800.0,4275.0,85525.0,28426.0,23026.0,6529.0,16497.0,5400.0,4826.0,,,,,574.0,25577.0,19141.0,6436.0,49824.0,45972.0,32704.0,13268.0,3852.0,604.0,3248.0,115111.0
1974-06-30,201606.0,149727.0,123183.0,93697.0,4511.0,89186.0,29486.0,23910.0,6830.0,17080.0,5576.0,4979.0,,,,,597.0,26544.0,19826.0,6718.0,51879.0,47783.0,33492.0,14291.0,4096.0,628.0,3468.0,119985.0
1974-09-30,210347.0,156119.0,128592.0,97988.0,4774.0,93214.0,30603.0,24847.0,7158.0,17689.0,5756.0,5133.0,,,,,623.0,27529.0,20515.0,7014.0,54228.0,49800.0,34504.0,15296.0,4428.0,672.0,3756.0,125370.0
1974-12-31,219090.0,162981.0,134452.0,102676.0,5065.0,97611.0,31776.0,25836.0,7511.0,18325.0,5940.0,5286.0,,,,,654.0,28530.0,21207.0,7323.0,56109.0,51437.0,35388.0,16049.0,4672.0,716.0,3956.0,131088.0
1975-03-31,227680.0,170311.0,140763.0,107758.0,5383.0,102375.0,33005.0,26878.0,7892.0,18987.0,6127.0,5439.0,,,,,689.0,29549.0,21903.0,7646.0,57369.0,52493.0,36044.0,16449.0,4876.0,752.0,4124.0,137187.0
1975-06-30,234963.0,176634.0,146146.0,112094.0,5674.0,106420.0,34052.0,27759.0,8224.0,19535.0,6293.0,5573.0,,,,,720.0,30489.0,22562.0,7927.0,58329.0,53322.0,36716.0,16606.0,5007.0,776.0,4231.0,142336.0
1975-09-30,241095.0,181954.0,150600.0,115684.0,5937.0,109747.0,34917.0,28480.0,8508.0,19971.0,6437.0,5690.0,,,,,746.0,31353.0,23186.0,8167.0,59141.0,54015.0,37276.0,16739.0,5126.0,800.0,4326.0,146596.0
1975-12-31,246409.0,186264.0,154126.0,118528.0,6174.0,112354.0,35598.0,29039.0,8745.0,20295.0,6559.0,5790.0,,,,,769.0,32138.0,23773.0,8365.0,60145.0,54890.0,37948.0,16942.0,5255.0,828.0,4427.0,149988.0
1976-03-31,250771.0,189571.0,156723.0,120626.0,6383.0,114243.0,36097.0,29438.0,8933.0,20505.0,6659.0,5871.0,,,,,788.0,32847.0,24325.0,8522.0,61200.0,55851.0,38680.0,17171.0,5349.0,844.0,4505.0,152468.0
1976-06-30,255805.0,193669.0,159950.0,123226.0,6616.0,116610.0,36724.0,29938.0,9147.0,20791.0,6786.0,5976.0,,,,,810.0,33720.0,25020.0,8700.0,62136.0,56653.0,39272.0,17381.0,5483.0,872.0,4611.0,155591.0
1976-09-30,261719.0,198561.0,163808.0,126328.0,6872.0,119456.0,37480.0,30539.0,9387.0,21152.0,6941.0,6106.0,,,,,835.0,34754.0,25857.0,8897.0,63158.0,57586.0,40096.0,17490.0,5572.0,892.0,4680.0,159272.0
1976-12-31,268544.0,204248.0,168295.0,129932.0,7153.0,122779.0,38363.0,31241.0,9652.0,21589.0,7122.0,6259.0,,,,,863.0,35951.0,26838.0,9113.0,64296.0,58619.0,40952.0,17667.0,5677.0,908.0,4769.0,163571.0
1977-03-31,276176.0,210725.0,173412.0,134038.0,7458.0,126580.0,39375.0,32044.0,9943.0,22101.0,7331.0,6436.0,,,,,895.0,37312.0,27962.0,9350.0,65451.0,59660.0,41644.0,18016.0,5791.0,928.0,4863.0,168481.0
1977-06-30,284101.0,217475.0,178698.0,138247.0,7755.0,130492.0,40450.0,32894.0,10231.0,22664.0,7556.0,6632.0,,,,,924.0,38778.0,29169.0,9609.0,66626.0,60711.0,42428.0,18283.0,5915.0,948.0,4967.0,173574.0
1977-09-30,292186.0,224498.0,184151.0,142561.0,8045.0,134516.0,41590.0,33792.0,10516.0,23276.0,7798.0,6846.0,,,,,952.0,40349.0,30458.0,9891.0,67688.0,61595.0,43028.0,18567.0,6093.0,968.0,5125.0,178890.0
1977-12-31,300871.0,231796.0,189771.0,146979.0,8327.0,138652.0,42792.0,34737.0,10798.0,23939.0,8055.0,7078.0,,,,,977.0,42025.0,31831.0,10194.0,69075.0,62859.0,43976.0,18883.0,6216.0,992.0,5224.0,184322.0
1978-03-31,309925.0,239367.0,195560.0,151500.0,8602.0,142898.0,44059.0,35730.0,11078.0,24652.0,8329.0,7328.0,,,,,1001.0,43807.0,33286.0,10521.0,70558.0,64216.0,44992.0,19224.0,6342.0,1008.0,5334.0,189928.0
1978-06-30,319686.0,247494.0,201861.0,156419.0,8921.0,147498.0,45442.0,36830.0,11388.0,25441.0,8612.0,7586.0,,,,,1026.0,45632.0,34775.0,10857.0,72192.0,65637.0,45988.0,19649.0,6555.0,1032.0,5523.0,196101.0
1978-09-30,329983.0,256178.0,208676.0,161735.0,9283.0,152452.0,46941.0,38036.0,11729.0,26307.0,8905.0,7852.0,,,,,1053.0,47502.0,36299.0,11203.0,73805.0,67038.0,46944.0,20094.0,6767.0,1056.0,5711.0,202753.0
1978-12-31,340659.0,265420.0,216004.0,167449.0,9690.0,157759.0,48555.0,39349.0,12101.0,27248.0,9206.0,8126.0,,,,,1080.0,49415.0,37856.0,11559.0,75239.0,68284.0,47732.0,20552.0,6955.0,1080.0,5875.0,209862.0
1979-03-31,352194.0,275217.0,223845.0,173560.0,10140.0,163420.0,50284.0,40768.0,12503.0,28265.0,9516.0,8407.0,,,,,1109.0,51374.0,39449.0,11925.0,76977.0,69821.0,48684.0,21137.0,7156.0,1112.0,6044.0,217463.0
1979-06-30,364476.0,285342.0,231989.0,179921.0,10627.0,169294.0,52068.0,42228.0,12933.0,29295.0,9840.0,8697.0,,,,,1143.0,53354.0,41038.0,12316.0,79134.0,71717.0,49872.0,21845.0,7417.0,1148.0,6269.0,225396.0
1979-09-30,377338.0,295793.0,240437.0,186533.0,11152.0,175381.0,53905.0,43728.0,13392.0,30336.0,10177.0,8996.0,,,,,1181.0,55356.0,42626.0,12730.0,81545.0,73834.0,51244.0,22590.0,7711.0,1180.0,6531.0,233634.0
1979-12-31,390519.0,306569.0,249189.0,193393.0,11713.0,181680.0,55795.0,45268.0,13879.0,31389.0,10527.0,9304.0,,,,,1223.0,57380.0,44211.0,13169.0,83950.0,75934.0,52556.0,23378.0,8016.0,1224.0,6792.0,242155.0
1980-03-31,404216.0,317671.0,258244.0,200505.0,12312.0,188193.0,57739.0,46848.0,14395.0,32453.0,10891.0,9621.0,,,,,1270.0,59426.0,45794.0,13632.0,86545.0,78246.0,54000.0,24246.0,8299.0,1260.0,7039.0,250925.0
1980-06-30,418468.0,329034.0,267681.0,207983.0,12918.0,195065.0,59699.0,48467.0,14870.0,33597.0,11232.0,9919.0,,,,,1313.0,61352.0,47266.0,14086.0,89434.0,80838.0,55664.0,25174.0,8596.0,1304.0,7292.0,260134.0
1980-09-30,433185.0,340657.0,277501.0,215827.0,13531.0,202296.0,61673.0,50124.0,15306.0,34819.0,11549.0,10197.0,,,,,1353.0,63156.0,48626.0,14530.0,92528.0,83581.0,57408.0,26173.0,8947.0,1340.0,7607.0,269822.0
1980-12-31,448164.0,352540.0,287702.0,224038.0,14151.0,209887.0,63665.0,51821.0,15701.0,36119.0,11844.0,10456.0,,,,,1388.0,64839.0,49874.0,14965.0,95624.0,86359.0,59208.0,27151.0,9265.0,1384.0,7881.0,279901.0
1981-03-31,463319.0,364687.0,298285.0,232615.0,14778.0,217837.0,65671.0,53555.0,16057.0,37498.0,12116.0,10695.0,,,,,1420.0,66402.0,51012.0,15390.0,98632.0,89073.0,60940.0,28133.0,9559.0,1428.0,8131.0,290380.0
1981-06-30,478260.0,376442.0,308590.0,240952.0,15436.0,225516.0,67639.0,55273.0,16397.0,38876.0,12366.0,10916.0,,,,,1449.0,67852.0,52049.0,15803.0,101818.0,91978.0,62960.0,29018.0,9840.0,1476.0,8364.0,300586.0
1981-09-30,492396.0,387809.0,318616.0,249048.0,16125.0,232923.0,69568.0,56974.0,16722.0,40252.0,12594.0,11118.0,,,,,1476.0,69192.0,52987.0,16205.0,104587.0,94440.0,64680.0,29760.0,10147.0,1536.0,8611.0,310558.0
1981-12-31,506207.0,398782.0,328364.0,256905.0,16845.0,240060.0,71459.0,58658.0,17031.0,41626.0,12801.0,11302.0,,,,,1499.0,70419.0,53825.0,16594.0,107425.0,97095.0,66516.0,30579.0,10330.0,1572.0,8758.0,320147.0
1982-03-31,519551.0,409367.0,337833.0,264522.0,17596.0,246926.0,73310.0,60324.0,17325.0,42999.0,12986.0,11467.0,,,,,1519.0,71534.0,54563.0,16971.0,110184.0,99695.0,68408.0,31287.0,10489.0,1616.0,8873.0,329450.0
1982-06-30,531067.0,418010.0,345495.0,270768.0,18314.0,252454.0,74727.0,61593.0,17518.0,44075.0,13134.0,11599.0,,,,,1535.0,72516.0,55204.0,17312.0,113057.0,102290.0,70368.0,31922.0,10767.0,1652.0,9115.0,337175.0
1982-09-30,539993.0,424713.0,351351.0,275643.0,18999.0,256644.0,75708.0,62464.0,17611.0,44854.0,13244.0,11699.0,,,,,1545.0,73362.0,55746.0,17616.0,115280.0,104257.0,71876.0,32381.0,11023.0,1676.0,9347.0,343181.0
1982-12-31,546652.0,429477.0,355400.0,279145.0,19650.0,259495.0,76255.0,62938.0,17602.0,45336.0,13317.0,11767.0,,,,,1550.0,74076.0,56191.0,17885.0,117175.0,106019.0,73364.0,32655.0,11156.0,1712.0,9444.0,347367.0
1983-03-31,551308.0,432297.0,357643.0,281278.0,20269.0,261009.0,76366.0,63014.0,17494.0,45520.0,13352.0,11803.0,,,,,1549.0,74654.0,56538.0,18116.0,119011.0,107713.0,74868.0,32845.0,11298.0,1740.0,9558.0,349865.0
1983-06-30,556606.0,436021.0,360592.0,283969.0,20912.0,263057.0,76623.0,63208.0,17399.0,45809.0,13415.0,11869.0,,,,,1546.0,75429.0,57059.0,18370.0,120585.0,109148.0,76216.0,32932.0,11437.0,1760.0,9677.0,353051.0
1983-09-30,563380.0,440648.0,364248.0,287222.0,21582.0,265640.0,77025.0,63520.0,17319.0,46201.0,13505.0,11966.0,,,,,1539.0,76401.0,57755.0,18646.0,122732.0,111155.0,78048.0,33107.0,11577.0,1748.0,9829.0,356930.0
1983-12-31,570889.0,446178.0,368610.0,291035.0,22277.0,268758.0,77575.0,63951.0,17253.0,46698.0,13624.0,12094.0,,,,,1530.0,77567.0,58624.0,18943.0,124711.0,113033.0,79712.0,33321.0,11678.0,1756.0,9922.0,361462.0
1984-03-31,580015.0,452610.0,373678.0,295409.0,22998.0,272411.0,78269.0,64500.0,17201.0,47299.0,13769.0,12252.0,,,,,1517.0,78932.0,59669.0,19263.0,127405.0,115557.0,81964.0,33593.0,11848.0,1796.0,10052.0,366753.0
1984-06-30,589250.0,459546.0,379295.0,300262.0,23773.0,276489.0,79033.0,65115.0,17128.0,47986.0,13918.0,12405.0,,,,,1512.0,80251.0,60683.0,19568.0,129704.0,117638.0,83736.0,33902.0,12066.0,1816.0,10250.0,372666.0
1984-09-30,598973.0,466985.0,385459.0,305595.0,24604.0,280991.0,79864.0,65795.0,17035.0,48761.0,14069.0,12552.0,,,,,1517.0,81526.0,61667.0,19859.0,131988.0,119717.0,85460.0,34257.0,12271.0,1844.0,10427.0,379137.0
1984-12-31,609098.0,474929.0,392172.0,311406.0,25489.0,285917.0,80766.0,66542.0,16920.0,49622.0,14224.0,12694.0,,,,,1530.0,82755.0,62621.0,20134.0,134169.0,121710.0,87108.0,34602.0,12459.0,1888.0,10571.0,386164.0
1985-03-31,620076.0,483374.0,399433.0,317697.0,26429.0,291268.0,81737.0,67355.0,16784.0,50571.0,14382.0,12830.0,,,,,1552.0,83942.0,63546.0,20396.0,136702.0,124019.0,88892.0,35127.0,12683.0,1920.0,10763.0,393798.0
1985-06-30,630888.0,491968.0,406667.0,323879.0,27388.0,296491.0,82787.0,68216.0,16669.0,51547.0,14571.0,12993.0,,,,,1578.0,85301.0,64625.0,20676.0,138920.0,126074.0,90448.0,35626.0,12846.0,1960.0,10886.0,401319.0
1985-09-30,642135.0,500708.0,413873.0,329956.0,28368.0,301588.0,83918.0,69126.0,16573.0,52552.0,14792.0,13184.0,,,,,1608.0,86835.0,65860.0,20975.0,141427.0,128450.0,92260.0,36190.0,12977.0,1976.0,11001.0,408755.0
1985-12-31,653514.0,509594.0,421052.0,335924.0,29367.0,306557.0,85127.0,70083.0,16497.0,53586.0,15044.0,13402.0,,,,,1642.0,88543.0,67250.0,21293.0,143920.0,130725.0,93924.0,36801.0,13195.0,2016.0,11179.0,416225.0
1986-03-31,664953.0,518628.0,428203.0,341786.0,30387.0,311399.0,86417.0,71089.0,16442.0,54648.0,15328.0,13648.0,,,,,1680.0,90424.0,68795.0,21629.0,146325.0,132924.0,95528.0,37396.0,13401.0,2032.0,11369.0,423630.0
1986-06-30,676598.0,527419.0,435037.0,347363.0,31438.0,315925.0,87675.0,72064.0,16369.0,55695.0,15611.0,13899.0,,,,,1711.0,92382.0,70396.0,21986.0,149179.0,135522.0,97364.0,38158.0,13657.0,2048.0,11609.0,430788.0
1986-09-30,687818.0,535968.0,441554.0,352657.0,32522.0,320135.0,88897.0,73006.0,16280.0,56726.0,15891.0,14156.0,,,,,1736.0,94413.0,72051.0,22362.0,151850.0,137976.0,99040.0,38936.0,13874.0,2080.0,11794.0,437611.0
1986-12-31,699283.0,544275.0,447754.0,357667.0,33637.0,324030.0,90087.0,73917.0,16174.0,57743.0,16170.0,14417.0,,,,,1753.0,96521.0,73762.0,22759.0,155008.0,140881.0,101044.0,39837.0,14127.0,2120.0,12007.0,444174.0
1987-03-31,709816.0,552340.0,453637.0,362394.0,34785.0,327609.0,91243.0,74796.0,16051.0,58745.0,16447.0,14684.0,,,,,1764.0,98703.0,75528.0,23175.0,157476.0,143195.0,102644.0,40551.0,14281.0,2124.0,12157.0,450341.0
1987-06-30,721229.0,561152.0,460330.0,367844.0,35970.0,331874.0,92486.0,75775.0,15947.0,59829.0,16711.0,14935.0,,,,,1776.0,100823.0,77217.0,23606.0,160077.0,145583.0,104276.0,41307.0,14494.0,2140.0,12354.0,457356.0
1987-09-30,733697.0,570713.0,467832.0,374017.0,37193.0,336824.0,93816.0,76855.0,15861.0,60994.0,16961.0,15171.0,,,,,1790.0,102881.0,78830.0,24051.0,162984.0,148243.0,106204.0,42039.0,14741.0,2160.0,12581.0,465192.0
1987-12-31,747066.0,581022.0,476145.0,380914.0,38453.0,342461.0,95231.0,78034.0,15794.0,62240.0,17197.0,15391.0,,,,,1806.0,104877.0,80365.0,24512.0,166044.0,151107.0,108416.0,42691.0,14937.0,2204.0,12733.0,473768.0
1988-03-31,761583.0,592078.0,485268.0,388534.0,39750.0,348784.0,96734.0,79314.0,15745.0,63568.0,17420.0,15596.0,,,,,1824.0,106810.0,81823.0,24987.0,169505.0,154338.0,110864.0,43474.0,15167.0,2232.0,12935.0,483166.0
1988-06-30,775627.0,602991.0,494177.0,395942.0,41067.0,354875.0,98235.0,80593.0,15731.0,64862.0,17642.0,15801.0,,,,,1842.0,108813.0,83328.0,25485.0,172636.0,157155.0,113072.0,44083.0,15481.0,2284.0,13197.0,492398.0
1988-09-30,789362.0,613757.0,502871.0,403135.0,42402.0,360733.0,99735.0,81870.0,15751.0,66120.0,17865.0,16005.0,,,,,1860.0,110886.0,84881.0,26005.0,175605.0,159825.0,115024.0,44801.0,15780.0,2328.0,13452.0,501365.0
1988-12-31,802976.0,624378.0,511351.0,410115.0,43756.0,366359.0,101235.0,83147.0,15805.0,67342.0,18088.0,16210.0,,,,,1878.0,113028.0,86480.0,26548.0,178598.0,162555.0,117004.0,45551.0,16043.0,2404.0,13639.0,510045.0
1989-03-31,816406.0,634857.0,519617.0,416883.0,45130.0,371753.0,102735.0,84423.0,15892.0,68530.0,18312.0,16415.0,,,,,1896.0,115240.0,88127.0,27113.0,181549.0,165290.0,118916.0,46374.0,16259.0,2472.0,13787.0,518429.0
1989-06-30,829732.0,645138.0,527814.0,423718.0,46486.0,377232.0,104097.0,85573.0,15976.0,69597.0,18524.0,16608.0,,,,,1915.0,117324.0,89638.0,27686.0,184594.0,168021.0,120760.0,47261.0,16573.0,2532.0,14041.0,526844.0
1989-09-30,842790.0,655224.0,535945.0,430621.0,47826.0,382795.0,105323.0,86598.0,16055.0,70544.0,18725.0,16790.0,,,,,1936.0,119279.0,91014.0,28265.0,187566.0,170654.0,122540.0,48114.0,16912.0,2592.0,14320.0,535221.0
1989-12-31,855513.0,665113.0,544008.0,437594.0,49150.0,388444.0,106414.0,87498.0,16129.0,71369.0,18916.0,16959.0,,,,,1957.0,121105.0,92253.0,28852.0,190400.0,173263.0,124180.0,49083.0,17137.0,2652.0,14485.0,543419.0
1990-03-31,868244.0,674807.0,552004.0,444635.0,50457.0,394178.0,107368.0,88273.0,16200.0,72074.0,19095.0,17116.0,,,,,1979.0,122803.0,93357.0,29446.0,193437.0,176052.0,125948.0,50104.0,17385.0,2716.0,14669.0,551576.0
1990-06-30,880751.0,684356.0,559943.0,451703.0,51722.0,399981.0,108240.0,88984.0,16270.0,72714.0,19256.0,17258.0,,,,,1998.0,124412.0,94381.0,30031.0,196395.0,178654.0,127552.0,51102.0,17741.0,2772.0,14969.0,559782.0
1990-09-30,893272.0,693755.0,567827.0,458798.0,52944.0,405854.0,109029.0,89632.0,16341.0,73290.0,19397.0,17384.0,,,,,2013.0,125930.0,95324.0,30606.0,199517.0,181433.0,129208.0,52225.0,18084.0,2836.0,15248.0,567917.0
1990-12-31,905048.0,703014.0,575655.0,465919.0,54124.0,411795.0,109735.0,90215.0,16413.0,73802.0,19520.0,17495.0,,,,,2025.0,127360.0,96187.0,31173.0,202034.0,183775.0,130640.0,53135.0,18259.0,2920.0,15339.0,575826.0
1991-03-31,917236.0,712126.0,583426.0,473069.0,55262.0,417807.0,110358.0,90734.0,16485.0,74249.0,19624.0,17590.0,,,,,2034.0,128699.0,96969.0,31730.0,205110.0,186645.0,132676.0,53969.0,18465.0,2988.0,15477.0,583707.0
1991-06-30,927766.0,719862.0,589869.0,479056.0,56185.0,422871.0,110813.0,91104.0,16531.0,74573.0,19709.0,17666.0,,,,,2042.0,129994.0,97723.0,32271.0,207904.0,189188.0,134352.0,54836.0,18716.0,3040.0,15676.0,590334.0
1991-09-30,936599.0,726222.0,594981.0,483882.0,56894.0,426988.0,111099.0,91325.0,16551.0,74774.0,19774.0,17724.0,,,,,2050.0,131241.0,98447.0,32794.0,210377.0,191378.0,135872.0,55506.0,18999.0,3096.0,15903.0,595690.0
1991-12-31,942900.0,731206.0,598764.0,487546.0,57387.0,430159.0,111218.0,91397.0,16546.0,74852.0,19821.0,17763.0,,,,,2058.0,132442.0,99141.0,33301.0,211694.0,192551.0,136444.0,56107.0,19143.0,3148.0,15995.0,599608.0
1992-03-31,947429.0,734814.0,601217.0,490049.0,57667.0,432382.0,111169.0,91320.0,16514.0,74806.0,19849.0,17784.0,,,,,2065.0,133597.0,99807.0,33790.0,212615.0,193314.0,136720.0,56594.0,19301.0,3200.0,16101.0,602238.0
1992-06-30,954581.0,739994.0,604868.0,493529.0,58110.0,435419.0,111338.0,91406.0,16485.0,74921.0,19932.0,17857.0,,,,,2075.0,135127.0,100829.0,34298.0,214587.0,194961.0,137608.0,57353.0,19626.0,3256.0,16370.0,606232.0
1992-09-30,963015.0,746749.0,609716.0,497989.0,58718.0,439271.0,111728.0,91656.0,16458.0,75198.0,20072.0,17983.0,,,,,2089.0,137033.0,102209.0,34824.0,216266.0,196333.0,138392.0,57941.0,19933.0,3308.0,16625.0,611403.0
1992-12-31,973874.0,755076.0,615763.0,503426.0,59490.0,443936.0,112338.0,92070.0,16434.0,75635.0,20268.0,18161.0,,,,,2107.0,139315.0,103947.0,35368.0,218798.0,198532.0,139828.0,58704.0,20266.0,3392.0,16874.0,617797.0
1993-03-31,985783.0,764977.0,623006.0,509841.0,60426.0,449415.0,113165.0,92646.0,16412.0,76234.0,20519.0,18391.0,,,,,2128.0,141971.0,106041.0,35930.0,220806.0,200143.0,140508.0,59635.0,20663.0,3488.0,17175.0,625449.0
1993-06-30,997741.0,774933.0,630397.0,516372.0,61354.0,455018.0,114024.0,93272.0,16416.0,76856.0,20752.0,18604.0,,,,,2148.0,144537.0,108100.0,36437.0,222808.0,201767.0,141296.0,60471.0,21041.0,3560.0,17481.0,633196.0
1993-09-30,1009297.0,784945.0,637934.0,523022.0,62276.0,460746.0,114912.0,93946.0,16446.0,77500.0,20966.0,18801.0,,,,,2166.0,147010.0,110123.0,36887.0,224352.0,203138.0,141932.0,61206.0,21214.0,3624.0,17590.0,640849.0
1993-12-31,1021572.0,795012.0,645618.0,529789.0,63192.0,466597.0,115830.0,94668.0,16502.0,78166.0,21162.0,18980.0,,,,,2182.0,149394.0,112112.0,37282.0,226560.0,205004.0,143060.0,61944.0,21556.0,3668.0,17888.0,648783.0
1994-03-31,1033169.0,805134.0,653449.0,536673.0,64100.0,472573.0,116777.0,95439.0,16584.0,78855.0,21338.0,19142.0,,,,,2196.0,151685.0,114064.0,37621.0,228035.0,206066.0,143204.0,62862.0,21969.0,3720.0,18249.0,656900.0
1994-06-30,1046766.0,816859.0,662818.0,544934.0,65090.0,479844.0,117884.0,96354.0,16684.0,79670.0,21530.0,19319.0,,,,,2211.0,154041.0,116023.0,38018.0,229907.0,207654.0,143944.0,63710.0,22253.0,3760.0,18493.0,666401.0
1994-09-30,1062432.0,830189.0,673726.0,554575.0,66163.0,488412.0,119150.0,97412.0,16803.0,80609.0,21738.0,19512.0,,,,,2226.0,156462.0,117990.0,38472.0,232243.0,209716.0,144868.0,64848.0,22527.0,3788.0,18739.0,677407.0
1994-12-31,1079923.0,845119.0,686171.0,565594.0,67319.0,498275.0,120577.0,98615.0,16941.0,81674.0,21962.0,19720.0,,,,,2242.0,158948.0,119963.0,38985.0,234804.0,212009.0,146132.0,65877.0,22795.0,3820.0,18975.0,689919.0
1995-03-31,1099521.0,861653.0,700155.0,577991.0,68557.0,509434.0,122163.0,99962.0,17098.0,82864.0,22201.0,19943.0,,,,,2258.0,161499.0,121943.0,39556.0,237868.0,214740.0,147628.0,67112.0,23128.0,3856.0,19272.0,704011.0
1995-06-30,1116078.0,876638.0,712790.0,589198.0,69596.0,519602.0,123592.0,101172.0,17238.0,83933.0,22420.0,20151.0,,,,,2269.0,163848.0,123814.0,40034.0,239440.0,215993.0,147840.0,68153.0,23447.0,3884.0,19563.0,716755.0
1995-09-30,1131259.0,890074.0,724077.0,599215.0,70435.0,528780.0,124861.0,102244.0,17362.0,84882.0,22617.0,20342.0,,,,,2276.0,165997.0,125577.0,40420.0,241185.0,217414.0,148352.0,69062.0,23771.0,3924.0,19847.0,728171.0
1995-12-31,1144277.0,901959.0,734015.0,608042.0,71075.0,536967.0,125973.0,103179.0,17470.0,85709.0,22794.0,20516.0,,,,,2278.0,167944.0,127230.0,40714.0,242318.0,218199.0,148204.0,69995.0,24119.0,3980.0,20139.0,738278.0
1996-03-31,1156013.0,912296.0,742605.0,615680.0,71516.0,544164.0,126926.0,103976.0,17561.0,86415.0,22950.0,20675.0,,,,,2275.0,169690.0,128775.0,40915.0,243717.0,219410.0,148536.0,70874.0,24307.0,4008.0,20299.0,746892.0
1996-06-30,1168345.0,923925.0,752342.0,624373.0,72042.0,552331.0,127968.0,104853.0,17660.0,87193.0,23115.0,20840.0,,,,,2275.0,171584.0,130388.0,41196.0,244420.0,219921.0,148416.0,71505.0,24499.0,4032.0,20467.0,756649.0
1996-09-30,1182337.0,936850.0,763224.0,634122.0,72655.0,561467.0,129102.0,105811.0,17769.0,88042.0,23291.0,21013.0,,,,,2278.0,173626.0,132067.0,41559.0,245487.0,220748.0,148336.0,72412.0,24739.0,4076.0,20663.0,767589.0
1996-12-31,1197384.0,951069.0,775253.0,644929.0,73355.0,571574.0,130324.0,106848.0,17886.0,88962.0,23476.0,21192.0,,,,,2284.0,175816.0,133814.0,42002.0,246315.0,221321.0,148068.0,73253.0,24994.0,4136.0,20858.0,779681.0
1997-03-31,1214240.0,966582.0,788428.0,656791.0,74141.0,582650.0,131637.0,107965.0,18012.0,89954.0,23672.0,21379.0,,,,,2293.0,178154.0,135628.0,42526.0,247658.0,222706.0,148396.0,74310.0,24952.0,4112.0,20840.0,792614.0
1997-06-30,1231658.0,982183.0,801501.0,668424.0,75039.0,593385.0,133077.0,109201.0,18150.0,91051.0,23876.0,21579.0,,,,,2297.0,180682.0,137559.0,43123.0,249475.0,224250.0,148992.0,75258.0,25225.0,4144.0,21081.0,805743.0
1997-09-30,1248466.0,997872.0,814474.0,679829.0,76049.0,603780.0,134645.0,110556.0,18301.0,92255.0,24089.0,21791.0,,,,,2298.0,183397.0,139606.0,43791.0,250594.0,225172.0,149156.0,76016.0,25422.0,4188.0,21234.0,818681.0
1997-12-31,1265454.0,1013648.0,827345.0,691004.0,77171.0,613833.0,136341.0,112030.0,18465.0,93564.0,24311.0,22015.0,,,,,2296.0,186303.0,141771.0,44532.0,251806.0,226146.0,148880.0,77266.0,25660.0,4244.0,21416.0,831541.0
1998-03-31,1281947.0,1029513.0,840115.0,701951.0,78406.0,623545.0,138164.0,113622.0,18642.0,94980.0,24542.0,22253.0,,,,,2289.0,189398.0,144053.0,45345.0,252434.0,226541.0,148444.0,78097.0,25893.0,4276.0,21617.0,844279.0
1998-06-30,1300142.0,1046030.0,853341.0,713280.0,79979.0,633301.0,140061.0,115276.0,18792.0,96483.0,24785.0,22504.0,,,,,2281.0,192689.0,146491.0,46198.0,254112.0,227945.0,148932.0,79013.0,26167.0,4364.0,21803.0,857544.0
1998-09-30,1319343.0,1063199.0,867022.0,724993.0,81891.0,643102.0,142029.0,116990.0,18916.0,98074.0,25039.0,22767.0,,,,,2272.0,196178.0,149086.0,47092.0,256144.0,229612.0,149248.0,80364.0,26532.0,4440.0,22092.0,871387.0
1998-12-31,1339652.0,1081022.0,881159.0,737088.0,84141.0,652947.0,144071.0,118765.0,19013.0,99751.0,25306.0,23044.0,,,,,2261.0,199863.0,151838.0,48025.0,258630.0,231678.0,150072.0,81606.0,26952.0,4532.0,22420.0,885771.0
1999-03-31,1360197.0,1099496.0,895751.0,749567.0,86730.0,662837.0,146184.0,120600.0,19084.0,101516.0,25584.0,23334.0,,,,,2250.0,203744.0,154745.0,48999.0,260701.0,233340.0,150604.0,82736.0,27361.0,4640.0,22721.0,900631.0
1999-06-30,1385083.0,1121452.0,913278.0,764570.0,89562.0,675008.0,148708.0,122785.0,19124.0,103662.0,25923.0,23680.0,,,,,2243.0,208174.0,158055.0,50119.0,263631.0,235824.0,151556.0,84268.0,27807.0,4768.0,23039.0,918488.0
1999-09-30,1412774.0,1146893.0,933741.0,782098.0,92636.0,689462.0,151643.0,125319.0,19132.0,106188.0,26324.0,24081.0,,,,,2243.0,213152.0,161767.0,51385.0,265881.0,237697.0,152144.0,85553.0,28184.0,4860.0,23324.0,939238.0
1999-12-31,1445391.0,1175815.0,957138.0,802149.0,95952.0,706197.0,154988.0,128203.0,19108.0,109095.0,26785.0,24537.0,,,,,2248.0,218676.0,165880.0,52796.0,269576.0,240855.0,153672.0,87183.0,28721.0,4952.0,23769.0,963108.0
2000-03-31,1481171.0,1208221.0,983470.0,824725.0,99510.0,725215.0,158744.0,131436.0,19054.0,112382.0,27308.0,25049.0,,,,,2259.0,224749.0,170396.0,54353.0,272950.0,243755.0,154936.0,88819.0,29195.0,5072.0,24123.0,989876.0
2000-06-30,1508918.0,1232522.0,1003219.0,841658.0,102179.0,739479.0,161562.0,133861.0,19013.0,114848.0,27701.0,25433.0,,,,,2268.0,229304.0,173783.0,55521.0,276396.0,246614.0,155884.0,90730.0,29782.0,5156.0,24626.0,1010183.0
2000-09-30,1528140.0,1248726.0,1016386.0,852946.0,103958.0,748988.0,163439.0,135477.0,18986.0,116492.0,27962.0,25689.0,,,,,2273.0,232340.0,176040.0,56300.0,279414.0,249186.0,156852.0,92334.0,30228.0,5244.0,24984.0,1023777.0
2000-12-31,1538730.0,1256827.0,1022969.0,858590.0,104848.0,753742.0,164379.0,136286.0,18972.0,117314.0,28093.0,25817.0,,,,,2276.0,233858.0,177169.0,56689.0,281903.0,251252.0,157504.0,93748.0,30651.0,5304.0,25347.0,1030773.0
2001-03-31,1570810.0,1287026.0,1045827.0,877577.0,107103.0,770474.0,168250.0,139577.0,18974.0,120602.0,28673.0,26403.0,,,,,2270.0,241199.0,182917.0,58282.0,283784.0,252814.0,157632.0,95182.0,30970.0,5300.0,25670.0,1053807.0
2001-06-30,1598725.0,1313170.0,1065066.0,893246.0,109444.0,783802.0,171819.0,142587.0,18947.0,123640.0,29232.0,26970.0,,,,,2262.0,248105.0,188418.0,59687.0,285555.0,254295.0,157952.0,96343.0,31260.0,5324.0,25936.0,1073224.0
2001-09-30,1615953.0,1328947.0,1074878.0,900510.0,110174.0,790336.0,174367.0,144636.0,18925.0,125712.0,29731.0,27484.0,,,,,2247.0,254069.0,193341.0,60728.0,287006.0,255450.0,158056.0,97394.0,31556.0,5312.0,26244.0,1083229.0
2001-12-31,1630427.0,1341636.0,1084293.0,908074.0,111375.0,796699.0,176219.0,146304.0,18954.0,127350.0,29915.0,27674.0,,,,,2241.0,257343.0,195616.0,61727.0,288791.0,256906.0,158300.0,98606.0,31885.0,5308.0,26577.0,1092815.0
2002-03-31,1640168.0,1349342.0,1089762.0,912291.0,112446.0,799845.0,177471.0,147450.0,18854.0,128597.0,30021.0,27794.0,,,,,2227.0,259580.0,197087.0,62493.0,290826.0,258531.0,158792.0,99739.0,32295.0,5280.0,27015.0,1098695.0
2002-06-30,1652512.0,1359619.0,1095737.0,916215.0,114398.0,801817.0,179521.0,149155.0,18802.0,130353.0,30366.0,28152.0,,,,,2214.0,263883.0,200307.0,63576.0,292893.0,260198.0,159244.0,100954.0,32695.0,5244.0,27451.0,1104991.0
2002-09-30,1669276.0,1374083.0,1105837.0,923973.0,117072.0,806901.0,181863.0,151177.0,18813.0,132364.0,30686.0,28480.0,,,,,2206.0,268246.0,203443.0,64803.0,295193.0,262132.0,160124.0,102008.0,33061.0,5228.0,27833.0,1115291.0
2002-12-31,1686319.0,1389015.0,1114249.0,929649.0,119540.0,810109.0,184600.0,153337.0,18868.0,134470.0,31263.0,29066.0,,,,,2197.0,274767.0,208683.0,66084.0,297304.0,263917.0,160992.0,102925.0,33387.0,5220.0,28167.0,1123810.0
2003-03-31,1701964.0,1401610.0,1119279.0,932267.0,120898.0,811369.0,187011.0,155102.0,18937.0,136165.0,31909.0,29730.0,,,,,2179.0,282332.0,214892.0,67440.0,300354.0,266442.0,162420.0,104022.0,33912.0,5236.0,28676.0,1129134.0
2003-06-30,1716489.0,1413241.0,1126208.0,937554.0,122657.0,814897.0,188654.0,156462.0,18923.0,137539.0,32192.0,30024.0,,,,,2168.0,287032.0,218465.0,68567.0,303248.0,268901.0,164136.0,104765.0,34347.0,5228.0,29119.0,1136367.0
2003-09-30,1735005.0,1428595.0,1135656.0,944729.0,124449.0,820280.0,190927.0,158291.0,18996.0,139295.0,32636.0,30475.0,,,,,2162.0,292938.0,223180.0,69758.0,306410.0,271640.0,166052.0,105588.0,34770.0,5220.0,29550.0,1145998.0
2003-12-31,1755423.0,1446031.0,1145197.0,951433.0,126172.0,825261.0,193764.0,160434.0,19084.0,141350.0,33330.0,31171.0,,,,,2159.0,300835.0,229740.0,71095.0,309392.0,274122.0,167772.0,106350.0,35270.0,5196.0,30074.0,1155784.0
2004-03-31,1783255.0,1470097.0,1160612.0,963364.0,128830.0,834534.0,197249.0,163138.0,19309.0,143830.0,34111.0,31942.0,,,,,2169.0,309485.0,236803.0,72682.0,313158.0,277286.0,169796.0,107490.0,35872.0,5244.0,30628.0,1171368.0
2004-06-30,1813170.0,1494449.0,1176048.0,975048.0,131248.0,843800.0,201000.0,166074.0,19526.0,146548.0,34926.0,32738.0,,,,,2188.0,318402.0,244157.0,74245.0,318721.0,281826.0,172084.0,109742.0,36895.0,5296.0,31599.0,1187406.0
2004-09-30,1846081.0,1520659.0,1192526.0,987502.0,133518.0,853984.0,205023.0,169214.0,19765.0,149449.0,35809.0,33602.0,,,,,2207.0,328133.0,252201.0,75932.0,325422.0,287364.0,174312.0,113052.0,38058.0,5348.0,32710.0,1204598.0
2004-12-31,1884290.0,1551989.0,1214509.0,1004982.0,136404.0,868578.0,209528.0,172906.0,20109.0,152796.0,36622.0,34390.0,,,,,2232.0,337479.0,259795.0,77684.0,332301.0,293125.0,176988.0,116137.0,39176.0,5420.0,33756.0,1227103.0
2005-03-31,1922025.0,1584936.0,1238733.0,1024442.0,139268.0,885174.0,214290.0,176944.0,20482.0,156462.0,37346.0,35094.0,,,,,2252.0,346202.0,266813.0,79389.0,337089.0,297410.0,179672.0,117738.0,39679.0,5500.0,34179.0,1251198.0
2005-06-30,1959330.0,1616004.0,1260674.0,1041921.0,140850.0,901071.0,218753.0,180613.0,20705.0,159908.0,38140.0,35867.0,,,,,2273.0,355331.0,274346.0,80985.0,343326.0,302739.0,182368.0,120371.0,40587.0,5560.0,35027.0,1273626.0
2005-09-30,2000928.0,1650795.0,1282706.0,1058643.0,142143.0,916500.0,224063.0,184703.0,20922.0,163780.0,39360.0,37078.0,,,,,2282.0,368090.0,285361.0,82729.0,350133.0,308546.0,185008.0,123538.0,41587.0,5616.0,35971.0,1296254.0
2005-12-31,2045542.0,1689457.0,1310739.0,1081314.0,144379.0,936935.0,229426.0,189080.0,21166.0,167914.0,40346.0,38045.0,,,,,2301.0,378717.0,294236.0,84481.0,356085.0,313778.0,188036.0,125742.0,42307.0,5688.0,36619.0,1324562.0
2006-03-31,2082213.0,1721352.0,1334139.0,1099860.0,146399.0,953461.0,234279.0,193149.0,21444.0,171705.0,41130.0,38801.0,,,,,2329.0,387213.0,301109.0,86104.0,360861.0,317956.0,190860.0,127096.0,42905.0,5752.0,37153.0,1348078.0
2006-06-30,2119070.0,1751082.0,1357125.0,1118723.0,148236.0,970487.0,238402.0,196730.0,21674.0,175056.0,41672.0,39317.0,,,,,2355.0,393957.0,306109.0,87848.0,367988.0,323935.0,193536.0,130399.0,44053.0,5832.0,38221.0,1371796.0
2006-09-30,2152752.0,1778972.0,1379645.0,1137485.0,150191.0,987294.0,242160.0,200089.0,21857.0,178232.0,42071.0,39684.0,,,,,2387.0,399326.0,309803.0,89523.0,373780.0,328950.0,196100.0,132850.0,44830.0,5900.0,38930.0,1394736.0
2006-12-31,2190041.0,1808631.0,1404319.0,1158172.0,151894.0,1006278.0,246148.0,203732.0,22037.0,181695.0,42416.0,39998.0,,,,,2417.0,404311.0,312907.0,91404.0,381410.0,335466.0,198896.0,136570.0,45944.0,5944.0,40000.0,1420186.0
2007-03-31,2227439.0,1837506.0,1427684.0,1177526.0,154164.0,1023362.0,250158.0,207345.0,22277.0,185068.0,42813.0,40368.0,,,,,2445.0,409821.0,316446.0,93375.0,389933.0,343156.0,202224.0,140932.0,46777.0,6000.0,40777.0,1443953.0
2007-06-30,2253666.0,1857451.0,1444877.0,1192179.0,156362.0,1035817.0,252699.0,209763.0,22405.0,187358.0,42936.0,40476.0,,,,,2459.0,412575.0,317666.0,94909.0,396215.0,348682.0,205220.0,143462.0,47533.0,6044.0,41489.0,1461621.0
2007-09-30,2276470.0,1873967.0,1458552.0,1203703.0,158138.0,1045565.0,254848.0,211737.0,22506.0,189231.0,43111.0,40638.0,,,,,2474.0,415415.0,319047.0,96368.0,402503.0,354174.0,208340.0,145834.0,48329.0,6096.0,42233.0,1475856.0
2007-12-31,2299826.0,1890972.0,1473819.0,1216528.0,160216.0,1056312.0,257291.0,214095.0,22808.0,191286.0,43196.0,40706.0,,,,,2490.0,417152.0,319205.0,97947.0,408854.0,359685.0,211128.0,148557.0,49169.0,6152.0,43017.0,1491438.0
2008-03-31,2327744.0,1911700.0,1494389.0,1234239.0,161937.0,1072302.0,260150.0,217005.0,23037.0,193968.0,43145.0,40626.0,,,,,2519.0,417311.0,317820.0,99491.0,416044.0,366141.0,214948.0,151193.0,49903.0,6204.0,43699.0,1512310.0
2008-06-30,2353002.0,1930318.0,1513610.0,1251338.0,164390.0,1086948.0,262272.0,219327.0,23353.0,195974.0,42945.0,40406.0,,,,,2539.0,416707.0,315354.0,101353.0,422684.0,372182.0,218528.0,153654.0,50502.0,6252.0,44250.0,1531576.0
2008-09-30,2379699.0,1949602.0,1535597.0,1271070.0,166817.0,1104253.0,264527.0,222001.0,23768.0,198234.0,42526.0,39947.0,,,,,2579.0,414004.0,310811.0,103193.0,430097.0,378819.0,222144.0,156675.0,51278.0,6304.0,44974.0,1553634.0
2008-12-31,2393049.0,1955869.0,1545632.0,1280200.0,167912.0,1112288.0,265431.0,223447.0,23999.0,199448.0,41984.0,39389.0,,,,,2596.0,410237.0,305542.0,104695.0,437180.0,385050.0,224616.0,160434.0,52130.0,6392.0,45738.0,1564085.0
2009-03-31,2385637.0,1944437.0,1537769.0,1273228.0,168261.0,1104967.0,264540.0,223056.0,24109.0,198947.0,41484.0,38902.0,,,,,2582.0,406669.0,301134.0,105535.0,441200.0,388776.0,226304.0,162472.0,52424.0,6428.0,45996.0,1556239.0
2009-06-30,2366950.0,1924830.0,1521810.0,1259914.0,168507.0,1091407.0,261896.0,220918.0,24087.0,196831.0,40978.0,38428.0,,,,,2551.0,403022.0,297380.0,105642.0,442120.0,389869.0,227568.0,162301.0,52251.0,6424.0,45827.0,1539995.0
2009-09-30,2355166.0,1912631.0,1512168.0,1252172.0,168077.0,1084095.0,259995.0,219405.0,24105.0,195300.0,40590.0,38068.0,,,,,2522.0,400463.0,294785.0,105678.0,442535.0,390133.0,228456.0,161677.0,52402.0,6376.0,46026.0,1530347.0
2009-12-31,2365772.0,1920712.0,1517793.0,1257005.0,169587.0,1087418.0,260788.0,220033.0,24203.0,195830.0,40755.0,38234.0,,,,,2521.0,402919.0,296233.0,106686.0,445060.0,392237.0,230224.0,162013.0,52823.0,6388.0,46435.0,1536147.0
2010-03-31,2369828.0,1919662.0,1517386.0,1256815.0,169027.0,1087788.0,260572.0,219970.0,24173.0,195796.0,40602.0,38071.0,,,,,2531.0,402277.0,295092.0,107185.0,450166.0,396904.0,233732.0,163172.0,53262.0,6420.0,46842.0,1536121.0
2010-06-30,2374946.0,1918944.0,1519431.0,1259503.0,167882.0,1091621.0,259928.0,219705.0,24266.0,195439.0,40223.0,37676.0,,,,,2547.0,399512.0,292027.0,107485.0,456002.0,402053.0,237612.0,164441.0,53949.0,6460.0,47489.0,1538610.0
2010-09-30,2382463.0,1921933.0,1522673.0,1262390.0,167338.0,1095052.0,260283.0,220148.0,24480.0,195668.0,40135.0,37574.0,,,,,2561.0,399260.0,291260.0,108000.0,460530.0,405848.0,240424.0,165424.0,54682.0,6512.0,48170.0,1542182.0
2010-12-31,2399128.0,1933593.0,1532702.0,1271132.0,167273.0,1103859.0,261570.0,221334.0,24749.0,196585.0,40236.0,37660.0,,,,,2576.0,400891.0,291925.0,108966.0,465535.0,410211.0,243596.0,166615.0,55324.0,6544.0,48780.0,1552376.0
2011-03-31,2419384.0,1947803.0,1548846.0,1281118.0,162329.0,1118789.0,267728.0,225498.0,24347.0,201152.0,42230.0,37827.0,,,,,4403.0,398957.0,291598.0,107359.0,471581.0,415399.0,247148.0,168251.0,56182.0,6708.0,49474.0,1569972.0
2011-06-30,2442911.0,1965511.0,1567506.0,1294433.0,159444.0,1134989.0,273072.0,229392.0,24210.0,205182.0,43680.0,37957.0,,,,,5723.0,398005.0,291372.0,106633.0,477400.0,420358.0,249892.0,170466.0,57042.0,6836.0,50206.0,1589675.0
2011-09-30,2462550.0,1979807.0,1582213.0,1305504.0,158151.0,1147353.0,276710.0,232211.0,24271.0,207940.0,44499.0,37996.0,,,,,6502.0,397594.0,290893.0,106701.0,482743.0,424810.0,251984.0,172826.0,57933.0,6960.0,50973.0,1605142.0
2011-12-31,2477727.0,1991136.0,1592755.0,1314258.0,158524.0,1155734.0,278497.0,233758.0,24525.0,209234.0,44739.0,38024.0,,,,,6715.0,398381.0,290838.0,107543.0,486591.0,427936.0,253100.0,174836.0,58655.0,7008.0,51647.0,1615963.0
2012-03-31,2501247.0,2010219.0,1610866.0,1331390.0,161076.0,1170315.0,279475.0,235200.0,25123.0,210076.0,44276.0,37895.0,,,,,6380.0,399353.0,290016.0,109337.0,491029.0,431775.0,255128.0,176647.0,59253.0,7056.0,52197.0,1633658.0
2012-06-30,2524393.0,2029119.0,1627210.0,1346080.0,164104.0,1181976.0,281130.0,236998.0,25696.0,211303.0,44132.0,37975.0,,,,,6157.0,401908.0,291073.0,110835.0,495274.0,435382.0,256860.0,178522.0,59892.0,7096.0,52796.0,1649683.0
2012-09-30,2546493.0,2047894.0,1641602.0,1358322.0,166204.0,1192118.0,283280.0,238960.0,26213.0,212747.0,44320.0,38257.0,,,,,6064.0,406292.0,294088.0,112205.0,498599.0,438152.0,258296.0,179856.0,60446.0,7132.0,53314.0,1663770.0
2012-12-31,2564691.0,2064668.0,1653882.0,1368160.0,167784.0,1200375.0,285722.0,241018.0,26677.0,214342.0,44704.0,38605.0,,,,,6099.0,410786.0,297919.0,112867.0,500023.0,439161.0,258608.0,180553.0,60862.0,7164.0,53698.0,1675695.0
2013-03-31,2586442.0,2084782.0,1667356.0,1378668.0,169463.0,1209205.0,288688.0,243283.0,27226.0,216057.0,45405.0,39134.0,,,,,6271.0,417426.0,303655.0,113771.0,501661.0,440377.0,258692.0,181685.0,61284.0,7220.0,54064.0,1688700.0
2013-06-30,2614974.0,2110081.0,1686281.0,1393869.0,171580.0,1222289.0,292412.0,246374.0,27859.0,218515.0,46038.0,39625.0,,,,,6412.0,423800.0,308824.0,114977.0,504892.0,443116.0,260192.0,182924.0,61776.0,7252.0,54524.0,1707095.0
2013-09-30,2640691.0,2132979.0,1702405.0,1406639.0,173175.0,1233464.0,295766.0,249076.0,28326.0,220750.0,46690.0,40175.0,,,,,6515.0,430574.0,314458.0,116116.0,507712.0,445500.0,261168.0,184332.0,62212.0,7272.0,54940.0,1722889.0
2013-12-31,2673466.0,2161678.0,1722719.0,1422683.0,175042.0,1247641.0,300037.0,252574.0,29036.0,223538.0,47463.0,40879.0,,,,,6584.0,438958.0,321336.0,117623.0,511789.0,449063.0,262944.0,186119.0,62726.0,7296.0,55430.0,1742593.0
2014-03-31,2706109.0,2191787.0,1742796.0,1438893.0,176539.0,1262354.0,303903.0,255537.0,29835.0,225702.0,48366.0,41751.0,,,,,6615.0,448992.0,330164.0,118828.0,514322.0,451148.0,263412.0,187736.0,63174.0,7311.0,55863.0,1761854.0
2014-06-30,2731901.0,2215976.0,1764100.0,1457109.0,179093.0,1278015.0,306992.0,258429.0,30466.0,227963.0,48563.0,41879.0,,,,,6683.0,451876.0,332157.0,119719.0,515925.0,452351.0,263488.0,188864.0,63574.0,7331.0,56243.0,1782528.0
2014-09-30,2762630.0,2244684.0,1785738.0,1474522.0,181174.0,1293348.0,311215.0,261952.0,31217.0,230735.0,49263.0,42509.0,,,,,6755.0,458946.0,338101.0,120845.0,517946.0,453813.0,263690.0,190123.0,64134.0,7364.0,56770.0,1803532.0
2014-12-31,2791519.0,2272148.0,1807419.0,1492212.0,183097.0,1309115.0,315206.0,265354.0,31879.0,233475.0,49852.0,43025.0,,,,,6827.0,464730.0,342766.0,121964.0,519370.0,454788.0,263933.0,190855.0,64582.0,7382.0,57200.0,1824597.0
2015-03-31,2811731.0,2291627.0,1824473.0,1506607.0,184361.0,1322247.0,317865.0,267781.0,32201.0,235581.0,50084.0,43181.0,,,,,6903.0,467154.0,343954.0,123200.0,520104.0,455299.0,264094.0,191205.0,64805.0,7411.0,57394.0,1841327.0
2015-06-30,2829621.0,2308214.0,1839151.0,1518954.0,187009.0,1331945.0,320197.0,269921.0,32481.0,237440.0,50276.0,43308.0,,,,,6968.0,469063.0,345046.0,124017.0,521406.0,456243.0,263689.0,192554.0,65163.0,7425.0,57739.0,1855868.0
2015-09-30,2854363.0,2331343.0,1856631.0,1533235.0,190424.0,1342811.0,323396.0,272548.0,32696.0,239852.0,50847.0,43806.0,,,,,7041.0,474712.0,349553.0,125159.0,523020.0,457594.0,263925.0,193669.0,65426.0,7477.0,57949.0,1873233.0
2015-12-31,2870469.0,2347232.0,1867349.0,1541539.0,194270.0,1347269.0,325810.0,274485.0,33002.0,241483.0,51325.0,44233.0,,,,,7092.0,479883.0,353719.0,126164.0,523237.0,457791.0,263792.0,193999.0,65446.0,7505.0,57941.0,1883457.0
2016-03-31,2880948.0,2358055.0,1875125.0,1547572.0,193713.0,1353859.0,327554.0,276030.0,33107.0,242923.0,51524.0,44386.0,,,,,7138.0,482929.0,355841.0,127088.0,522893.0,457351.0,263354.0,193997.0,65542.0,7527.0,58016.0,1891134.0
2016-06-30,2908342.0,2382286.0,1890757.0,1559845.0,197266.0,1362580.0,330911.0,278543.0,33271.0,245272.0,52368.0,45167.0,,,,,7202.0,491529.0,363055.0,128475.0,526056.0,459953.0,263807.0,196146.0,66103.0,7573.0,58530.0,1907049.0
2016-09-30,2927616.0,2400701.0,1900917.0,1567447.0,199785.0,1367662.0,333470.0,280228.0,33498.0,246730.0,53242.0,45964.0,,,,,7278.0,499784.0,370486.0,129298.0,526915.0,460298.0,263724.0,196574.0,66617.0,7601.0,59016.0,1917352.0
2016-12-31,2949957.0,2421150.0,1914264.0,1577887.0,202244.0,1375643.0,336377.0,282383.0,33828.0,248555.0,53994.0,46632.0,,,,,7362.0,506885.0,376450.0,130435.0,528808.0,461601.0,263968.0,197632.0,67207.0,7656.0,59550.0,1930763.0
2017-03-31,2986159.0,2452536.0,1940912.0,1599735.0,200255.0,1399479.0,341178.0,286749.0,34036.0,252713.0,54429.0,46944.0,,,,,7484.0,511624.0,379885.0,131738.0,533623.0,464331.0,265144.0,199187.0,69292.0,7705.0,61587.0,1959137.0
2017-06-30,3020685.0,2483961.0,1964191.0,1618769.0,202679.0,1416090.0,345422.0,290297.0,34214.0,256084.0,55125.0,47549.0,,,,,7575.0,519769.0,386588.0,133181.0,536724.0,467241.0,265810.0,201431.0,69483.0,7757.0,61726.0,1982304.0
2017-09-30,3053602.0,2513156.0,1985060.0,1635292.0,204500.0,1430792.0,349769.0,293822.0,34460.0,259362.0,55946.0,48273.0,,,,,7674.0,528096.0,393089.0,135007.0,540446.0,470323.0,266350.0,203974.0,70123.0,7824.0,62299.0,2003411.0
