Date,Personal consumption expenditures (PCE),Goods,:Durable goods,:Nondurable goods,Services,PCE excluding food and energy (Addenda),Food (Addenda),Energy goods and services (Addenda),Market-based PCE (Addenda),Market-based PCE excluding food and energy (Addenda)
1969-01-31,584.2,297.4,90.1,207.3,286.8,454.1,92.8,37.4,,
1969-02-28,589.5,300.0,90.8,209.3,289.4,458.2,93.3,37.9,,
1969-03-31,589.7,299.1,89.1,209.9,290.6,457.9,93.1,38.7,,
1969-04-30,594.7,301.2,90.4,210.8,293.5,463.1,93.1,38.5,,
1969-05-31,601.1,304.0,90.5,213.6,297.1,467.5,95.0,38.6,,
1969-06-30,601.7,302.8,90.5,212.3,298.9,468.8,94.1,38.8,,
1969-07-31,603.5,303.2,88.6,214.6,300.3,469.4,95.2,38.9,,
1969-08-31,610.8,308.0,90.7,217.3,302.8,474.9,96.6,39.3,,
1969-09-30,614.1,308.6,92.6,216.0,305.5,478.7,96.0,39.4,,
1969-10-31,619.4,310.6,91.4,219.2,308.8,481.5,98.0,39.9,,
1969-11-30,621.4,310.0,90.7,219.3,311.4,483.0,98.3,40.1,,
1969-12-31,623.7,311.2,90.4,220.7,312.5,484.6,98.8,40.3,,
1970-01-31,629.6,313.8,89.3,224.5,315.8,487.1,101.6,41.0,,
1970-02-28,634.9,315.0,91.0,224.0,319.9,493.2,101.2,40.4,,
1970-03-31,633.2,313.5,88.5,225.0,319.7,490.5,102.1,40.6,,
1970-04-30,637.0,314.7,90.0,224.7,322.3,494.4,101.7,40.9,,
1970-05-31,643.4,318.3,91.2,227.2,325.1,499.5,102.8,41.0,,
1970-06-30,647.2,319.7,91.9,227.8,327.6,502.7,103.3,41.2,,
1970-07-31,649.5,319.7,91.4,228.3,329.8,504.8,103.0,41.7,,
1970-08-31,653.9,321.5,92.3,229.1,332.4,508.6,103.9,41.5,,
1970-09-30,660.1,324.0,92.3,231.7,336.0,512.5,105.3,42.2,,
1970-10-31,659.3,322.3,89.7,232.5,337.1,512.7,104.3,42.4,,
1970-11-30,657.6,318.6,85.2,233.5,339.0,509.8,105.5,42.3,,
1970-12-31,666.6,324.5,87.1,237.4,342.1,516.3,107.4,42.9,,
1971-01-31,677.2,333.7,97.4,236.3,343.4,527.8,105.8,43.6,,
1971-02-28,680.4,333.7,97.2,236.5,346.7,531.0,105.8,43.6,,
1971-03-31,683.0,334.2,99.6,234.6,348.8,534.0,105.4,43.7,,
1971-04-30,689.8,338.4,100.3,238.1,351.4,538.9,106.9,44.0,,
1971-05-31,692.2,337.5,99.6,237.8,354.7,541.4,107.0,43.7,,
1971-06-30,700.8,343.6,103.0,240.6,357.2,548.6,107.9,44.3,,
1971-07-31,699.9,340.2,101.1,239.1,359.7,548.9,107.3,43.7,,
1971-08-31,706.0,342.6,102.2,240.3,363.4,554.6,107.0,44.4,,
1971-09-30,714.1,348.8,107.0,241.8,365.3,561.5,107.1,45.4,,
1971-10-31,716.9,348.5,107.2,241.2,368.5,563.9,107.7,45.3,,
1971-11-30,722.1,351.2,107.3,244.0,370.8,568.5,108.1,45.4,,
1971-12-31,729.6,353.0,107.4,245.6,376.6,575.1,109.5,45.0,,
1972-01-31,732.6,353.8,110.5,243.2,378.9,580.5,107.0,45.2,,
1972-02-29,737.3,355.9,109.3,246.6,381.5,581.8,109.9,45.6,,
1972-03-31,750.4,363.6,112.3,251.3,386.8,591.7,112.2,46.5,,
1972-04-30,753.8,365.1,112.9,252.2,388.7,594.3,113.0,46.5,,
1972-05-31,759.2,369.9,114.5,255.4,389.3,598.4,114.2,46.7,,
1972-06-30,762.9,370.2,114.8,255.3,392.7,602.2,114.3,46.4,,
1972-07-31,771.2,374.6,116.6,258.0,396.6,609.1,115.0,47.2,,
1972-08-31,777.7,377.8,118.3,259.6,399.8,613.9,115.5,48.2,,
1972-09-30,782.5,380.6,117.9,262.7,401.9,617.1,116.9,48.5,,
1972-10-31,796.3,389.8,122.0,267.7,406.5,627.7,118.5,50.1,,
1972-11-30,801.8,391.3,123.4,267.9,410.6,632.2,118.5,51.2,,
1972-12-31,807.5,393.4,124.8,268.6,414.1,636.8,118.7,52.0,,
1973-01-31,817.9,401.8,129.3,272.5,416.1,646.4,120.2,51.3,,
1973-02-28,827.2,408.1,131.9,276.2,419.2,653.9,121.2,52.2,,
1973-03-31,834.2,411.9,134.3,277.6,422.3,660.3,122.0,51.9,,
1973-04-30,837.2,411.9,132.5,279.4,425.3,661.7,123.0,52.4,,
1973-05-31,843.1,414.0,133.3,280.7,429.1,665.6,123.7,53.8,,
1973-06-30,845.8,412.2,128.1,284.1,433.6,667.0,125.3,53.5,,
1973-07-31,855.7,420.0,130.1,289.9,435.7,671.6,130.3,53.9,,
1973-08-31,854.9,416.1,128.6,287.5,438.8,671.6,128.6,54.6,,
1973-09-30,870.9,426.0,133.7,292.3,444.8,684.8,130.1,56.0,,
1973-10-31,869.8,422.6,129.3,293.4,447.2,682.7,130.2,56.8,,
1973-11-30,878.6,428.2,129.1,299.1,450.4,687.7,131.7,59.2,,
1973-12-31,878.4,426.8,126.3,300.6,451.6,687.1,134.1,57.1,,
1974-01-31,886.4,431.7,126.7,305.0,454.6,692.3,136.0,58.1,,
1974-02-28,891.6,434.0,124.8,309.3,457.5,693.6,138.2,59.8,,
1974-03-31,903.3,440.7,128.5,312.3,462.6,702.3,138.6,62.4,,
1974-04-30,912.7,444.3,129.0,315.2,468.4,708.6,138.7,65.4,,
1974-05-31,924.3,450.5,132.0,318.6,473.8,717.2,139.5,67.6,,
1974-06-30,929.9,451.0,130.8,320.2,478.9,720.0,140.7,69.1,,
1974-07-31,939.8,457.8,133.4,324.4,482.0,726.6,142.8,70.4,,
1974-08-31,956.6,469.6,140.9,328.7,487.0,740.3,146.8,69.5,,
1974-09-30,956.8,464.6,134.7,329.9,492.3,738.4,147.7,70.8,,
1974-10-31,961.0,462.5,131.0,331.5,498.5,739.4,148.5,73.2,,
1974-11-30,958.0,456.9,125.4,331.5,501.1,737.4,150.6,70.0,,
1974-12-31,963.6,454.7,125.0,329.7,508.9,741.9,148.3,73.4,,
1975-01-31,977.4,464.0,129.5,334.4,513.4,755.4,150.5,71.5,,
1975-02-28,991.3,470.9,134.8,336.1,520.4,767.9,151.1,72.2,,
1975-03-31,992.6,469.1,131.0,338.1,523.4,766.3,152.8,73.5,,
1975-04-30,997.2,468.2,132.0,336.2,529.0,768.9,151.6,76.7,,
1975-05-31,1021.2,486.9,138.1,348.8,534.3,790.3,156.1,74.9,,
1975-06-30,1029.1,489.5,140.0,349.5,539.6,796.5,156.8,75.8,,
1975-07-31,1042.2,498.6,145.0,353.6,543.6,804.9,159.4,77.9,,
1975-08-31,1049.4,502.9,145.4,357.4,546.5,809.8,160.0,79.6,,
1975-09-30,1057.2,506.8,149.9,356.8,550.4,818.0,159.9,79.3,,
1975-10-31,1063.2,503.7,148.0,355.7,559.4,824.1,159.6,79.5,,
1975-11-30,1078.0,513.6,153.2,360.4,564.4,839.5,160.6,77.9,,
1975-12-31,1094.4,521.8,158.9,362.9,572.6,852.6,160.5,81.3,,
1976-01-31,1109.5,530.5,161.2,369.3,579.0,861.8,164.0,83.7,,
1976-02-29,1110.1,530.2,164.2,366.0,579.9,867.4,162.5,80.2,,
1976-03-31,1117.3,531.5,164.5,367.0,585.8,873.0,163.5,80.8,,
1976-04-30,1127.8,538.9,167.6,371.3,589.0,881.7,164.5,81.6,,
1976-05-31,1125.1,532.6,162.2,370.4,592.5,877.5,165.2,82.5,,
1976-06-30,1142.9,545.5,167.9,377.6,597.5,891.4,167.8,83.7,,
1976-07-31,1152.1,547.6,169.7,377.9,604.5,900.5,167.1,84.4,,
1976-08-31,1160.5,549.6,168.7,381.0,610.9,905.6,169.1,85.8,,
1976-09-30,1171.4,554.1,171.2,382.9,617.3,914.4,169.4,87.7,,
1976-10-31,1179.5,558.3,170.9,387.3,621.2,918.6,171.3,89.6,,
1976-11-30,1191.7,561.5,173.2,388.2,630.2,928.0,170.2,93.4,,
1976-12-31,1214.1,575.5,182.2,393.2,638.6,946.9,172.9,94.3,,
1977-01-31,1217.4,572.3,177.8,394.5,645.1,945.7,175.6,96.1,,
1977-02-28,1233.7,581.8,184.1,397.7,651.8,964.3,175.2,94.2,,
1977-03-31,1240.7,587.1,189.9,397.1,653.6,975.3,174.4,90.9,,
1977-04-30,1249.7,590.9,188.9,402.1,658.8,980.5,176.2,93.0,,
1977-05-31,1259.6,593.2,188.6,404.6,666.4,987.5,180.1,92.0,,
1977-06-30,1266.3,594.7,190.2,404.4,671.6,991.8,180.4,94.1,,
1977-07-31,1283.2,601.5,191.7,409.8,681.7,1005.7,181.2,96.3,,
1977-08-31,1288.5,603.2,194.2,409.0,685.3,1011.9,179.8,96.8,,
1977-09-30,1297.4,607.0,196.1,410.9,690.4,1020.2,179.8,97.4,,
1977-10-31,1314.3,615.9,197.1,418.8,698.4,1032.3,182.7,99.4,,
1977-11-30,1330.0,627.3,200.8,426.5,702.8,1045.9,187.6,96.6,,
1977-12-31,1339.3,629.8,204.2,425.6,709.5,1054.5,184.4,100.4,,
1978-01-31,1333.0,615.4,191.2,424.2,717.6,1048.1,185.4,99.5,,
1978-02-28,1358.9,629.7,198.5,431.2,729.1,1067.3,189.1,102.5,,
1978-03-31,1381.4,642.5,204.7,437.8,738.8,1087.9,191.4,102.1,,
1978-04-30,1400.2,652.3,213.5,438.8,747.9,1107.0,191.3,101.9,,
1978-05-31,1415.9,662.7,217.0,445.7,753.2,1118.2,193.5,104.1,,
1978-06-30,1429.8,668.0,218.1,449.9,761.8,1130.9,196.6,102.3,,
1978-07-31,1430.8,666.0,215.3,450.7,764.8,1132.3,196.1,102.4,,
1978-08-31,1451.0,676.2,221.8,454.3,774.8,1149.5,197.9,103.5,,
1978-09-30,1456.9,674.9,213.1,461.8,782.0,1151.4,201.4,104.1,,
1978-10-31,1471.0,682.2,220.3,461.9,788.8,1164.9,200.3,105.7,,
1978-11-30,1484.7,691.8,222.3,469.5,792.9,1173.7,203.9,107.0,,
1978-12-31,1500.5,701.0,224.2,476.8,799.5,1184.9,206.4,109.2,,
1979-01-31,1506.3,699.5,220.5,478.9,806.8,1184.8,209.8,111.7,,
1979-02-28,1521.6,708.3,224.0,484.3,813.3,1192.4,210.4,118.9,,
1979-03-31,1535.0,715.8,225.3,490.5,819.2,1208.1,212.5,114.4,,
1979-04-30,1542.3,711.8,222.7,489.1,830.5,1212.8,210.3,119.3,,
1979-05-31,1562.7,723.8,224.4,499.4,838.9,1227.7,214.7,120.3,,
1979-06-30,1579.6,731.0,219.3,511.7,848.7,1233.4,222.1,124.1,,
1979-07-31,1590.1,737.3,226.0,511.3,852.8,1247.2,216.6,126.3,,
1979-08-31,1619.7,755.6,231.3,524.2,864.1,1265.9,220.0,133.8,,
1979-09-30,1638.1,766.9,235.4,531.5,871.2,1277.1,223.6,137.4,,
1979-10-31,1646.0,762.1,228.3,533.8,883.9,1282.3,223.5,140.2,,
1979-11-30,1661.7,770.1,229.0,541.1,891.6,1293.8,228.3,139.5,,
1979-12-31,1670.7,773.2,229.9,543.3,897.5,1299.8,228.5,142.3,,
1980-01-31,1701.6,793.8,239.6,554.2,907.8,1325.6,231.5,144.4,,
1980-02-29,1705.6,793.1,232.9,560.2,912.5,1319.9,232.3,153.4,,
1980-03-31,1712.4,789.1,223.6,565.4,923.3,1314.5,234.5,163.4,,
1980-04-30,1699.5,777.5,212.4,565.2,921.9,1306.5,234.8,158.1,,
1980-05-31,1704.3,775.0,208.5,566.4,929.3,1311.9,236.6,155.8,,
1980-06-30,1723.0,781.0,214.9,566.1,942.0,1327.1,236.5,159.4,,
1980-07-31,1751.2,797.0,226.7,570.3,954.2,1353.8,238.0,159.4,,
1980-08-31,1767.7,803.3,224.0,579.4,964.4,1365.0,242.9,159.8,,
1980-09-30,1784.1,805.2,225.4,579.8,978.9,1382.5,243.0,158.7,,
1980-10-31,1820.4,824.3,236.3,588.0,996.1,1414.2,245.3,160.9,,
1980-11-30,1830.2,825.4,236.7,588.7,1004.7,1422.9,246.4,160.8,,
1980-12-31,1855.5,832.7,235.7,597.0,1022.8,1440.6,248.2,166.7,,
1981-01-31,1874.7,849.7,239.9,609.8,1025.0,1453.1,250.5,171.2,,
1981-02-28,1889.4,861.6,247.3,614.3,1027.7,1470.4,250.7,168.3,,
1981-03-31,1908.1,869.0,250.9,618.1,1039.1,1482.4,250.7,175.0,,
1981-04-30,1909.1,863.2,241.7,621.5,1046.0,1483.5,253.3,172.3,,
1981-05-31,1918.2,860.3,239.8,620.6,1057.8,1486.6,254.0,177.5,,
1981-06-30,1938.5,867.8,241.4,626.5,1070.6,1499.1,254.7,184.7,,
1981-07-31,1945.7,871.7,245.2,626.5,1074.0,1511.4,255.9,178.4,,
1981-08-31,1969.8,890.2,260.4,629.8,1079.6,1535.8,258.0,176.0,,
1981-09-30,1968.2,881.3,250.2,631.1,1087.0,1533.4,256.2,178.6,,
1981-10-31,1966.2,870.7,237.3,633.4,1095.5,1526.3,259.3,180.5,,
1981-11-30,1972.4,870.6,237.0,633.7,1101.7,1535.6,258.7,178.1,,
1981-12-31,1989.9,876.3,236.3,640.0,1113.5,1543.3,262.1,184.4,,
1982-01-31,1997.4,878.3,241.0,637.3,1119.1,1549.5,261.3,186.6,,
1982-02-28,2021.4,892.7,249.3,643.4,1128.7,1574.1,263.4,183.9,,
1982-03-31,2024.4,887.9,249.0,638.9,1136.5,1580.0,262.1,182.3,,
1982-04-30,2027.2,882.4,244.9,637.5,1144.8,1582.8,264.9,179.5,,
1982-05-31,2045.9,895.4,256.8,638.6,1150.5,1605.6,266.4,174.0,,
1982-06-30,2050.2,886.1,246.0,640.0,1164.1,1603.1,266.4,180.7,,
1982-07-31,2075.1,900.3,247.8,652.6,1174.8,1624.2,269.6,181.3,,
1982-08-31,2083.7,895.6,248.6,647.0,1188.1,1636.5,267.3,179.9,,
1982-09-30,2108.9,909.6,260.0,649.6,1199.4,1659.3,268.9,180.8,,
1982-10-31,2130.7,910.6,254.1,656.5,1220.1,1676.0,272.4,182.3,,
1982-11-30,2154.7,923.0,268.1,655.0,1231.6,1699.3,269.4,186.0,,
1982-12-31,2167.4,929.7,270.8,658.8,1237.8,1716.7,273.7,177.0,,
1983-01-31,2180.1,923.4,268.3,655.1,1256.7,1733.3,268.2,178.5,,
1983-02-28,2183.1,919.7,266.8,652.9,1263.3,1737.5,271.4,174.2,,
1983-03-31,2208.6,934.7,271.6,663.1,1273.9,1752.9,273.1,182.6,,
1983-04-30,2231.8,947.0,281.7,665.3,1284.7,1771.9,274.9,185.0,,
1983-05-31,2251.0,961.6,288.8,672.7,1289.4,1792.1,274.9,183.9,,
1983-06-30,2280.8,979.3,298.2,681.1,1301.5,1816.3,277.4,187.1,,
1983-07-31,2309.0,989.7,303.4,686.3,1319.3,1838.9,279.7,190.4,,
1983-08-31,2324.8,989.4,301.2,688.2,1335.5,1849.8,279.2,195.9,,
1983-09-30,2339.1,993.3,302.6,690.8,1345.8,1867.9,280.5,190.7,,
1983-10-31,2361.8,1007.5,313.7,693.8,1354.3,1891.5,280.5,189.8,,
1983-11-30,2370.4,1012.4,315.9,696.5,1358.0,1900.7,282.4,187.3,,
1983-12-31,2397.9,1027.5,328.3,699.2,1370.4,1912.8,282.3,202.8,,
1984-01-31,2423.8,1047.3,336.8,710.5,1376.4,1944.5,284.2,195.1,,
1984-02-29,2408.1,1030.2,328.7,701.5,1377.9,1945.0,284.6,178.5,,
1984-03-31,2436.4,1036.1,328.8,707.4,1400.3,1952.5,287.5,196.4,,
1984-04-30,2462.6,1052.6,336.0,716.6,1410.0,1977.2,289.0,196.4,,
1984-05-31,2479.8,1061.3,341.7,719.7,1418.5,1994.3,289.5,196.0,,
1984-06-30,2501.2,1077.0,346.1,730.9,1424.2,2013.5,293.3,194.5,,
1984-07-31,2500.5,1061.7,341.5,720.2,1438.8,2017.6,292.0,190.9,,
1984-08-31,2518.4,1061.6,339.7,721.9,1456.8,2033.3,293.1,191.9,,
1984-09-30,2540.3,1076.6,345.0,731.7,1463.7,2050.3,295.5,194.5,,
1984-10-31,2538.2,1071.8,343.0,728.7,1466.4,2051.9,293.9,192.3,,
1984-11-30,2578.6,1095.1,358.4,736.7,1483.5,2083.0,296.1,199.5,,
1984-12-31,2590.0,1093.0,360.1,732.9,1497.0,2104.4,294.5,191.1,,
1985-01-31,2626.3,1102.5,365.5,737.0,1523.8,2126.2,297.4,202.7,,
1985-02-28,2648.6,1110.6,364.9,745.7,1538.0,2147.7,298.2,202.7,,
1985-03-31,2656.8,1118.0,373.6,744.4,1538.7,2164.6,297.8,194.3,,
1985-04-30,2668.4,1119.7,365.7,754.0,1548.7,2171.6,301.1,195.7,,
1985-05-31,2705.9,1138.2,384.3,753.9,1567.7,2207.2,300.4,198.3,,
1985-06-30,2699.3,1120.1,369.7,750.4,1579.2,2201.0,300.1,198.2,,
1985-07-31,2725.9,1131.6,376.3,755.2,1594.4,2226.2,301.0,198.8,,
1985-08-31,2762.7,1151.5,390.3,761.2,1611.2,2260.8,302.9,199.0,,
1985-09-30,2805.6,1187.8,422.7,765.0,1617.8,2298.9,307.5,199.2,,
1985-10-31,2767.1,1145.2,379.2,766.0,1621.9,2265.0,306.0,196.1,,
1985-11-30,2782.7,1156.0,380.8,775.2,1626.7,2275.6,310.0,197.1,,
1985-12-31,2822.8,1170.1,391.2,778.9,1652.7,2297.4,313.0,212.4,,
1986-01-31,2838.3,1185.8,401.4,784.4,1652.5,2325.3,314.5,198.5,,
1986-02-28,2831.2,1166.0,389.4,776.7,1665.2,2321.8,313.5,195.9,,
1986-03-31,2834.7,1160.8,384.1,776.7,1673.9,2333.2,315.5,186.0,,
1986-04-30,2846.5,1165.4,404.0,761.4,1681.1,2360.3,312.3,173.9,,
1986-05-31,2869.0,1182.8,414.2,768.6,1686.2,2378.8,314.3,175.9,,
1986-06-30,2873.5,1176.0,403.7,772.3,1697.5,2376.4,315.7,181.4,,
1986-07-31,2893.4,1187.5,415.9,771.6,1705.9,2398.7,317.0,177.7,,
1986-08-31,2911.1,1202.8,434.4,768.5,1708.3,2429.1,314.2,167.9,,
1986-09-30,2984.6,1259.9,486.8,773.1,1724.7,2494.3,317.7,172.7,,
1986-10-31,2945.9,1213.2,434.9,778.3,1732.7,2455.4,320.5,170.1,,
1986-11-30,2941.7,1195.2,420.0,775.2,1746.5,2448.7,320.3,172.7,,
1986-12-31,3010.8,1252.0,468.5,783.5,1758.8,2519.0,321.5,170.3,,
1987-01-31,2949.9,1182.6,399.7,782.9,1767.3,2456.9,320.2,172.7,2649.1,2157.0
1987-02-28,3016.5,1232.8,427.0,805.8,1783.7,2514.3,323.3,178.8,2712.5,2211.2
1987-03-31,3028.4,1232.3,428.8,803.5,1796.1,2524.3,322.1,181.9,2724.8,2221.5
1987-04-30,3054.1,1246.6,437.6,809.0,1807.5,2547.3,323.9,182.8,2746.7,2240.7
1987-05-31,3063.9,1246.4,434.0,812.4,1817.5,2552.6,323.3,187.9,2756.0,2245.5
1987-06-30,3088.4,1261.2,445.7,815.4,1827.3,2575.7,324.8,188.0,2781.3,2269.3
1987-07-31,3110.7,1269.7,452.4,817.3,1841.0,2597.6,323.9,189.3,2801.7,2289.3
1987-08-31,3147.0,1291.4,468.9,822.5,1855.6,2631.1,326.5,189.4,2835.5,2320.3
1987-09-30,3142.9,1282.5,460.3,822.2,1860.4,2631.2,325.4,186.3,2831.6,2320.7
1987-10-31,3151.1,1267.2,443.1,824.2,1883.9,2632.9,325.8,192.4,2837.6,2320.1
1987-11-30,3160.9,1273.6,447.4,826.2,1887.3,2648.6,325.6,186.7,2845.8,2334.3
1987-12-31,3190.9,1289.4,459.4,830.0,1901.5,2676.0,327.0,187.9,2876.2,2362.1
1988-01-31,3230.7,1302.5,470.3,832.2,1928.2,2706.8,329.1,194.8,2907.6,2384.4
1988-02-29,3238.5,1301.3,468.7,832.7,1937.2,2718.6,331.3,188.6,2912.6,2393.4
1988-03-31,3277.8,1322.7,472.4,850.3,1955.1,2748.7,338.5,190.5,2952.8,2424.5
1988-04-30,3280.4,1316.9,467.8,849.2,1963.5,2752.8,337.8,189.7,2953.3,2426.5
1988-05-31,3311.0,1329.0,474.7,854.4,1981.9,2779.5,341.0,190.5,2980.7,2449.9
1988-06-30,3335.6,1334.3,477.3,857.1,2001.2,2798.6,340.8,196.2,3004.1,2467.9
1988-07-31,3359.3,1337.0,472.4,864.7,2022.3,2817.2,344.8,197.3,3021.4,2480.0
1988-08-31,3384.3,1341.8,470.1,871.6,2042.5,2835.8,348.8,199.7,3045.1,2497.4
1988-09-30,3391.4,1344.7,468.7,876.0,2046.7,2852.1,347.6,191.7,3049.2,2510.7
1988-10-31,3430.4,1361.7,477.9,883.9,2068.7,2880.1,349.8,200.5,3086.7,2537.1
1988-11-30,3447.0,1369.8,481.8,888.0,2077.2,2899.4,352.3,195.3,3103.0,2556.1
1988-12-31,3476.3,1385.9,498.9,887.1,2090.4,2930.6,351.7,194.1,3130.2,2585.2
1989-01-31,3499.9,1398.8,496.2,902.6,2101.1,2955.0,356.9,188.0,3148.8,2604.7
1989-02-28,3503.9,1381.8,481.3,900.5,2122.1,2934.6,357.8,211.5,3154.0,2585.5
1989-03-31,3514.5,1386.4,481.9,904.5,2128.0,2952.4,358.6,203.4,3164.2,2602.9
1989-04-30,3558.6,1421.0,500.4,920.6,2137.6,2988.1,359.1,211.5,3203.4,2633.5
1989-05-31,3567.5,1417.8,487.6,930.2,2149.7,2990.1,363.3,214.1,3213.5,2636.8
1989-06-30,3582.4,1424.5,492.0,932.5,2157.9,3008.5,363.6,210.4,3226.6,2653.4
1989-07-31,3601.7,1430.0,497.4,932.6,2171.7,3027.9,365.5,208.3,3245.3,2672.2
1989-08-31,3636.8,1453.7,518.7,935.0,2183.1,3060.6,367.1,209.2,3280.1,2704.6
1989-09-30,3638.1,1442.1,500.8,941.2,2196.1,3060.2,370.9,207.1,3280.5,2703.2
1989-10-31,3650.0,1436.9,493.9,943.0,2213.1,3070.0,370.3,209.7,3291.6,2712.3
1989-11-30,3659.7,1438.7,490.1,948.6,2221.0,3076.5,373.5,209.7,3302.2,2719.6
1989-12-31,3700.7,1454.1,491.6,962.4,2246.6,3093.5,378.1,229.1,3340.7,2734.2
1990-01-31,3747.2,1501.7,536.4,965.3,2245.5,3165.9,378.3,203.0,3383.0,2802.3
1990-02-28,3744.8,1481.7,505.9,975.7,2263.1,3147.5,382.7,214.6,3379.7,2783.1
1990-03-31,3771.5,1485.3,503.8,981.5,2286.2,3171.2,388.0,212.3,3405.5,2805.9
1990-04-30,3786.7,1482.2,505.7,976.5,2304.5,3185.0,387.7,214.0,3418.7,2817.6
1990-05-31,3792.5,1472.7,495.3,977.4,2319.8,3191.4,388.6,212.5,3423.0,2822.6
1990-06-30,3821.3,1482.9,494.3,988.6,2338.4,3214.1,393.8,213.4,3448.5,2842.0
1990-07-31,3838.5,1487.4,496.3,991.1,2351.1,3232.2,392.5,213.7,3465.1,2859.4
1990-08-31,3865.0,1493.5,489.3,1004.2,2371.5,3240.6,394.9,229.5,3489.1,2865.3
1990-09-30,3886.7,1509.1,495.1,1014.1,2377.6,3250.5,399.9,236.4,3509.0,2873.4
1990-10-31,3887.1,1502.5,486.1,1016.3,2384.7,3249.4,394.2,243.5,3510.3,2873.2
1990-11-30,3888.4,1506.2,482.7,1023.5,2382.2,3249.9,398.7,239.9,3512.1,2874.2
1990-12-31,3877.8,1490.5,474.0,1016.5,2387.4,3240.1,395.0,242.7,3502.1,2865.0
1991-01-31,3857.6,1465.7,452.7,1013.0,2391.9,3222.5,398.1,237.0,3479.6,2845.1
1991-02-28,3883.3,1477.8,467.0,1010.9,2405.5,3264.2,397.9,221.2,3498.6,2880.2
1991-03-31,3929.7,1514.0,495.4,1018.6,2415.7,3303.3,405.7,220.8,3544.2,2918.4
1991-04-30,3923.9,1491.7,474.4,1017.2,2432.3,3299.2,402.9,221.8,3539.4,2915.3
1991-05-31,3950.0,1500.3,473.5,1026.7,2449.7,3306.8,409.0,234.2,3566.5,2923.9
1991-06-30,3957.1,1499.1,477.8,1021.3,2458.0,3323.1,407.0,227.0,3571.2,2937.8
1991-07-31,3982.4,1510.5,485.4,1025.2,2471.8,3348.4,406.2,227.7,3594.1,2960.7
1991-08-31,3985.4,1506.1,479.8,1026.4,2479.3,3356.2,405.8,223.4,3594.0,2965.4
1991-09-30,4001.2,1509.5,487.9,1021.6,2491.7,3371.5,403.1,226.5,3609.1,2980.1
1991-10-31,3992.9,1492.6,474.1,1018.4,2500.3,3369.8,401.4,221.6,3601.4,2979.0
1991-11-30,4020.6,1500.0,477.3,1022.6,2520.7,3389.5,402.5,228.7,3627.1,2996.6
1991-12-31,4037.7,1501.9,480.9,1021.0,2535.8,3419.1,395.7,222.9,3639.8,3021.8
1992-01-31,4101.9,1535.6,495.6,1040.0,2566.3,3475.8,405.2,220.9,3701.5,3075.9
1992-02-29,4116.8,1539.9,501.3,1038.6,2576.9,3499.7,402.6,214.5,3711.0,3094.5
1992-03-31,4134.3,1526.1,491.7,1034.4,2608.2,3503.2,400.4,230.8,3723.4,3092.8
1992-04-30,4149.0,1533.3,490.0,1043.3,2615.7,3514.2,403.0,231.9,3737.7,3103.4
1992-05-31,4176.1,1550.4,501.9,1048.4,2625.7,3544.3,402.2,229.6,3758.2,3127.0
1992-06-30,4195.0,1561.0,511.0,1049.9,2634.0,3564.6,401.6,228.8,3773.8,3143.9
1992-07-31,4223.0,1563.5,507.2,1056.2,2659.6,3586.5,404.2,232.4,3798.2,3162.2
1992-08-31,4239.3,1573.2,511.9,1061.3,2666.1,3605.8,405.5,228.0,3814.0,3181.1
1992-09-30,4273.9,1582.8,517.1,1065.6,2691.1,3629.7,404.9,239.4,3843.1,3199.4
1992-10-31,4303.5,1596.6,522.7,1073.9,2706.9,3659.8,408.8,234.9,3870.8,3227.6
1992-11-30,4319.5,1585.6,514.1,1071.5,2733.9,3666.8,407.7,245.0,3882.5,3230.4
1992-12-31,4355.6,1611.4,532.4,1079.0,2744.1,3707.6,407.6,240.4,3913.5,3266.1
1993-01-31,4359.7,1616.6,538.1,1078.5,2743.1,3726.5,405.7,227.5,3913.4,3280.7
1993-02-28,4374.3,1605.6,524.2,1081.4,2768.7,3715.7,410.3,248.3,3929.2,3271.2
1993-03-31,4371.4,1598.7,521.2,1077.5,2772.7,3717.4,408.8,245.2,3921.0,3267.6
1993-04-30,4412.4,1625.4,543.0,1082.4,2786.9,3764.7,409.5,238.2,3956.0,3308.9
1993-05-31,4441.3,1643.6,552.0,1091.7,2797.6,3792.8,413.2,235.3,3981.7,3333.8
1993-06-30,4458.8,1633.4,548.6,1084.9,2825.3,3806.0,411.6,241.2,3994.1,3341.9
1993-07-31,4487.7,1650.5,558.6,1091.9,2837.2,3834.5,413.8,239.4,4018.8,3366.1
1993-08-31,4499.9,1641.9,551.5,1090.4,2858.0,3842.2,412.6,245.1,4025.3,3368.1
1993-09-30,4530.5,1655.1,559.8,1095.3,2875.4,3867.6,416.9,246.0,4052.9,3390.5
1993-10-31,4552.0,1669.0,568.9,1100.2,2882.9,3886.7,417.6,247.6,4072.6,3407.9
1993-11-30,4573.4,1681.4,574.2,1107.2,2892.1,3912.0,419.9,241.6,4083.6,3422.7
1993-12-31,4590.7,1686.8,578.3,1108.5,2903.9,3921.0,421.7,248.0,4103.4,3434.2
1994-01-31,4604.8,1689.6,579.6,1109.9,2915.3,3934.2,421.3,249.4,4108.0,3437.9
1994-02-28,4652.3,1711.1,593.3,1117.8,2941.2,3979.1,424.4,248.8,4151.8,3479.1
1994-03-31,4665.4,1716.4,593.6,1122.8,2949.1,3999.3,426.1,240.0,4169.9,3504.3
1994-04-30,4690.7,1733.1,607.0,1126.1,2957.6,4022.1,428.8,239.8,4188.5,3520.5
1994-05-31,4689.2,1712.8,588.9,1124.0,2976.4,4017.8,428.6,242.8,4185.3,3514.4
1994-06-30,4728.8,1734.5,600.3,1134.2,2994.2,4041.8,433.0,253.9,4226.2,3539.8
1994-07-31,4740.8,1741.4,602.1,1139.3,2999.4,4063.4,431.4,246.0,4234.6,3557.6
1994-08-31,4783.0,1767.0,612.0,1155.0,3016.1,4094.7,436.0,252.3,4272.3,3584.5
1994-09-30,4795.5,1768.3,613.8,1154.5,3027.2,4110.5,438.3,246.8,4283.1,3598.5
1994-10-31,4833.3,1790.7,629.6,1161.1,3042.6,4147.1,438.4,247.8,4314.7,3629.1
1994-11-30,4846.0,1794.2,635.1,1159.1,3051.8,4165.1,438.8,242.1,4328.1,3647.6
1994-12-31,4862.3,1799.5,630.7,1168.8,3062.8,4175.4,440.1,246.9,4342.1,3655.7
1995-01-31,4871.9,1796.5,623.6,1173.0,3075.4,4182.8,443.3,245.8,4351.4,3662.8
1995-02-28,4871.7,1774.0,613.0,1161.0,3097.7,4179.4,439.1,253.3,4346.0,3654.2
1995-03-31,4906.5,1793.8,627.2,1166.6,3112.7,4224.3,440.1,242.0,4375.0,3693.4
1995-04-30,4911.5,1781.5,613.2,1168.4,3129.9,4220.8,440.2,250.5,4382.9,3692.7
1995-05-31,4954.4,1803.3,624.8,1178.5,3151.1,4256.5,443.5,254.4,4422.9,3725.5
1995-06-30,4999.0,1826.9,642.8,1184.1,3172.1,4300.0,443.6,255.4,4455.5,3757.0
1995-07-31,4991.8,1813.9,631.0,1182.9,3177.9,4291.2,442.8,257.8,4458.7,3758.6
1995-08-31,5027.1,1823.9,645.3,1178.6,3203.2,4322.5,443.6,261.0,4490.8,3786.7
1995-09-30,5042.5,1840.9,651.3,1189.5,3201.6,4350.2,445.0,247.2,4507.6,3815.8
1995-10-31,5035.9,1819.6,638.1,1181.5,3216.3,4345.8,445.3,244.8,4496.1,3806.5
1995-11-30,5077.8,1842.1,650.6,1191.5,3235.7,4378.2,446.3,253.4,4534.6,3835.4
1995-12-31,5120.1,1870.0,668.0,1201.9,3250.2,4413.4,452.1,254.6,4576.4,3870.2
1996-01-31,5108.9,1846.0,645.8,1200.1,3262.9,4395.4,451.8,261.6,4555.7,3842.7
1996-02-29,5156.1,1872.5,663.2,1209.3,3283.5,4438.1,452.6,265.4,4593.8,3876.3
1996-03-31,5196.4,1894.5,670.4,1224.1,3302.0,4469.0,455.8,271.7,4635.9,3908.9
1996-04-30,5231.6,1917.0,679.5,1237.5,3314.5,4497.8,459.4,274.3,4668.6,3935.3
1996-05-31,5247.2,1918.1,680.1,1238.0,3329.1,4511.3,458.8,277.1,4687.1,3951.7
1996-06-30,5253.7,1912.5,669.4,1243.1,3341.2,4521.3,462.1,270.3,4686.4,3954.4
1996-07-31,5275.8,1917.2,672.9,1244.3,3358.6,4548.7,463.6,263.5,4696.2,3969.6
1996-08-31,5299.0,1927.9,681.7,1246.2,3371.1,4565.9,464.2,268.9,4718.7,3986.0
1996-09-30,5320.0,1932.6,683.6,1249.0,3387.4,4594.0,465.0,261.0,4734.3,4008.7
1996-10-31,5351.5,1952.0,688.8,1263.2,3399.5,4612.1,468.6,270.8,4775.8,4036.9
1996-11-30,5375.0,1958.7,692.2,1266.5,3416.3,4629.7,469.6,275.7,4799.0,4054.1
1996-12-31,5401.7,1963.0,687.8,1275.2,3438.7,4654.7,471.0,275.9,4820.9,4074.4
1997-01-31,5434.9,1975.4,703.3,1272.2,3459.4,4682.5,471.8,280.7,4846.8,4094.8
1997-02-28,5457.7,1985.2,702.0,1283.2,3472.6,4704.2,473.4,280.1,4864.2,4111.1
1997-03-31,5477.6,1999.5,711.5,1288.0,3478.1,4731.5,475.3,270.8,4884.2,4138.5
1997-04-30,5482.8,1976.2,697.5,1278.7,3506.6,4732.4,472.9,277.5,4883.7,4133.8
1997-05-31,5484.3,1963.5,690.2,1273.2,3520.8,4746.6,470.7,267.0,4881.5,4144.2
1997-06-30,5518.2,1983.9,702.1,1281.8,3534.3,4782.7,471.7,263.8,4914.1,4179.0
1997-07-31,5573.0,2007.2,715.7,1291.4,3565.9,4827.8,476.1,269.1,4964.0,4219.2
1997-08-31,5611.8,2030.7,732.6,1298.1,3581.1,4867.4,476.0,268.4,4997.2,4253.2
1997-09-30,5625.6,2023.6,720.0,1303.6,3602.0,4873.4,477.1,275.0,5009.0,4257.3
1997-10-31,5661.2,2029.0,724.7,1304.3,3632.2,4898.2,477.3,285.6,5038.5,4276.0
1997-11-30,5685.2,2053.9,740.8,1313.1,3631.4,4931.0,479.1,275.1,5054.9,4301.1
1997-12-31,5716.4,2053.3,746.1,1307.2,3663.1,4962.8,475.8,277.8,5082.0,4328.7
1998-01-31,5714.4,2042.9,733.0,1309.8,3671.5,4978.9,477.7,257.8,5075.9,4340.8
1998-02-28,5748.4,2046.3,739.4,1306.9,3702.1,5009.7,478.5,260.2,5105.0,4366.7
1998-03-31,5775.0,2045.2,740.7,1304.5,3729.9,5033.6,480.6,260.8,5123.1,4382.1
1998-04-30,5812.9,2072.1,758.1,1314.0,3740.9,5078.2,482.1,252.6,5157.8,4423.4
1998-05-31,5863.3,2096.4,778.3,1318.1,3767.0,5117.5,484.1,261.7,5202.9,4457.5
1998-06-30,5897.2,2100.1,771.3,1328.8,3797.2,5141.6,487.1,268.5,5230.2,4474.9
1998-07-31,5915.6,2103.8,769.4,1334.4,3811.8,5164.5,488.6,262.6,5240.0,4489.2
1998-08-31,5951.0,2118.3,784.9,1333.4,3832.7,5201.1,489.5,260.4,5272.8,4523.3
1998-09-30,5991.8,2138.3,800.9,1337.4,3853.5,5241.0,491.7,259.1,5309.0,4558.6
1998-10-31,6025.8,2164.5,819.4,1345.0,3861.3,5281.5,493.1,251.2,5338.6,4594.8
1998-11-30,6042.7,2172.0,817.9,1354.1,3870.7,5300.9,495.6,246.2,5352.5,4611.1
1998-12-31,6098.2,2204.9,838.2,1366.7,3893.2,5349.3,500.6,248.2,5407.5,4659.0
1999-01-31,6099.1,2188.3,808.4,1380.0,3910.8,5346.1,502.3,250.7,5409.0,4656.4
1999-02-28,6128.2,2208.8,824.1,1384.7,3919.4,5380.0,505.3,242.9,5436.3,4688.5
1999-03-31,6159.7,2217.3,827.4,1389.9,3942.5,5400.0,506.0,253.7,5465.7,4706.4
1999-04-30,6223.6,2255.3,841.3,1414.0,3968.3,5444.1,510.0,269.5,5523.0,4743.9
1999-05-31,6253.4,2275.7,855.4,1420.4,3977.7,5473.4,512.4,267.6,5552.3,4772.6
1999-06-30,6281.9,2287.1,867.7,1419.3,3994.8,5499.1,510.9,271.8,5577.8,4795.3
1999-07-31,6309.5,2286.7,865.2,1421.5,4022.7,5514.7,513.6,281.1,5599.6,4805.3
1999-08-31,6354.8,2310.9,871.9,1439.0,4043.9,5554.7,516.9,283.2,5638.1,4838.3
1999-09-30,6407.4,2335.2,876.4,1458.7,4072.3,5597.4,522.4,287.6,5684.9,4875.2
1999-10-31,6431.2,2329.8,868.0,1461.8,4101.4,5621.1,519.0,291.0,5702.1,4892.4
1999-11-30,6467.2,2338.6,871.2,1467.4,4128.6,5669.0,523.3,274.9,5731.0,4933.0
1999-12-31,6568.2,2407.5,889.8,1517.7,4160.8,5730.0,544.1,294.2,5819.8,4981.9
2000-01-31,6564.7,2371.9,908.6,1463.3,4192.8,5755.2,518.7,290.9,5807.7,4998.5
2000-02-29,6648.7,2415.7,930.7,1485.1,4233.0,5823.3,526.5,298.8,5881.0,5056.0
2000-03-31,6714.8,2450.5,923.3,1527.2,4264.3,5873.6,535.1,306.1,5934.1,5093.2
2000-04-30,6701.0,2428.5,900.6,1527.9,4272.5,5857.4,536.0,307.6,5927.8,5084.5
2000-05-31,6737.2,2438.7,907.0,1531.8,4298.5,5888.2,536.6,312.3,5953.8,5105.2
2000-06-30,6773.6,2443.1,898.2,1544.8,4330.5,5899.9,542.9,330.7,5984.9,5111.6
2000-07-31,6793.7,2444.8,897.3,1547.5,4348.9,5924.5,542.9,326.2,6001.4,5132.6
2000-08-31,6828.7,2454.9,906.4,1548.5,4373.8,5961.1,544.3,323.3,6030.1,5162.9
2000-09-30,6913.1,2506.8,931.3,1575.5,4406.3,6028.9,546.7,337.4,6108.3,5224.5
2000-10-31,6919.6,2492.9,920.6,1572.3,4426.8,6035.9,550.9,332.8,6111.8,5228.4
2000-11-30,6934.5,2485.6,913.4,1572.2,4449.0,6047.1,550.6,336.8,6125.7,5238.6
2000-12-31,6979.1,2500.8,913.5,1587.3,4478.2,6060.7,555.6,362.7,6173.5,5255.5
2001-01-31,7009.8,2498.2,916.5,1581.7,4511.6,6102.4,556.8,350.6,6195.2,5288.1
2001-02-28,7029.3,2513.5,938.9,1574.6,4515.8,6126.6,555.9,346.7,6214.3,5312.0
2001-03-31,7022.1,2485.0,925.1,1559.9,4537.1,6122.4,554.8,344.8,6205.2,5305.8
2001-04-30,7036.2,2490.0,908.3,1581.7,4546.2,6140.0,562.0,334.1,6208.0,5312.2
2001-05-31,7083.1,2518.6,916.0,1602.6,4564.5,6168.8,564.9,349.4,6251.8,5337.8
2001-06-30,7097.1,2520.5,934.1,1586.4,4576.6,6195.6,563.5,338.0,6268.9,5367.7
2001-07-31,7109.2,2516.6,925.0,1591.6,4592.5,6214.0,564.1,331.1,6276.0,5381.1
2001-08-31,7146.1,2532.3,942.5,1589.8,4613.8,6261.4,566.3,318.4,6312.9,5428.4
2001-09-30,7054.8,2495.7,904.1,1591.6,4559.1,6154.2,569.0,331.6,6256.7,5356.4
2001-10-31,7250.2,2626.8,1035.1,1591.7,4623.4,6365.2,569.6,315.4,6411.1,5526.4
2001-11-30,7209.6,2577.3,997.0,1580.3,4632.3,6353.7,568.6,287.3,6370.1,5514.5
2001-12-31,7190.0,2528.4,955.6,1572.8,4661.6,6333.9,572.5,283.6,6348.8,5493.0
2002-01-31,7217.7,2547.3,969.5,1577.8,4670.5,6367.6,569.2,280.9,6376.0,5526.2
2002-02-28,7259.7,2564.3,980.8,1583.4,4695.4,6405.0,571.1,283.6,6412.1,5557.7
2002-03-31,7276.7,2567.1,974.5,1592.6,4709.5,6404.6,573.7,298.3,6428.7,5557.0
2002-04-30,7345.6,2606.6,1000.8,1605.8,4739.0,6466.3,571.4,307.9,6487.3,5608.3
2002-05-31,7321.8,2562.2,961.1,1601.1,4759.6,6430.7,573.4,317.7,6462.3,5571.5
2002-06-30,7366.1,2594.7,977.1,1617.6,4771.4,6478.5,574.0,313.6,6505.6,5618.3
2002-07-31,7424.2,2623.1,1006.3,1616.8,4801.1,6530.5,576.6,317.1,6558.8,5665.3
2002-08-31,7449.0,2640.9,1024.9,1616.1,4808.0,6555.3,574.2,319.5,6585.2,5691.8
2002-09-30,7426.1,2596.4,979.4,1617.0,4829.7,6532.4,573.5,320.2,6551.3,5657.9
2002-10-31,7469.3,2604.2,968.9,1635.3,4865.1,6556.2,577.1,335.9,6585.6,5672.8
2002-11-30,7499.8,2621.5,975.0,1646.4,4878.4,6582.3,583.1,334.5,6612.3,5695.1
2002-12-31,7552.6,2654.7,1006.1,1648.7,4897.9,6635.9,583.3,333.4,6658.0,5741.6
2003-01-31,7579.5,2655.9,985.5,1670.3,4923.7,6637.2,586.8,355.6,6679.0,5736.9
2003-02-28,7573.6,2642.2,957.4,1684.8,4931.3,6612.1,589.4,372.0,6680.8,5719.6
2003-03-31,7627.5,2671.5,979.1,1692.4,4956.0,6669.3,590.5,367.6,6731.8,5773.9
2003-04-30,7661.7,2676.6,1002.3,1674.3,4985.0,6706.3,591.8,363.6,6762.8,5807.7
2003-05-31,7669.2,2655.9,1005.0,1651.0,5013.3,6744.2,588.2,336.8,6767.8,5843.0
2003-06-30,7722.9,2696.4,1016.3,1680.1,5026.5,6798.4,595.7,328.8,6814.3,5890.1
2003-07-31,7783.8,2723.6,1029.1,1694.5,5060.1,6843.5,601.0,339.3,6863.6,5923.6
2003-08-31,7878.9,2793.4,1061.5,1731.9,5085.4,6908.8,607.6,362.5,6959.4,5989.6
2003-09-30,7874.0,2778.4,1036.2,1742.2,5095.6,6898.1,608.8,367.1,6955.2,5979.6
2003-10-31,7890.6,2765.3,1035.2,1730.1,5125.3,6922.0,609.9,358.8,6964.3,5995.9
2003-11-30,7950.4,2802.6,1055.4,1747.2,5147.8,6975.7,613.1,361.6,7020.1,6045.7
2003-12-31,7974.3,2796.9,1047.4,1749.5,5177.5,6994.4,612.3,367.7,7039.1,6059.5
2004-01-31,8037.3,2822.3,1047.3,1775.0,5215.0,7030.8,620.9,385.6,7097.8,6091.6
2004-02-29,8072.1,2828.5,1062.7,1765.8,5243.6,7065.4,617.1,389.6,7121.7,6115.3
2004-03-31,8121.0,2873.7,1076.9,1796.8,5247.3,7121.1,623.4,376.5,7168.5,6168.9
2004-04-30,8141.6,2852.5,1066.4,1786.0,5289.1,7134.4,625.4,381.7,7179.7,6172.9
2004-05-31,8212.9,2903.4,1094.4,1808.9,5309.5,7190.9,628.6,393.4,7240.3,6218.6
2004-06-30,8204.6,2863.9,1054.1,1809.8,5340.7,7175.9,629.2,399.5,7227.4,6199.0
2004-07-31,8270.7,2896.4,1081.6,1814.7,5374.3,7244.3,631.5,394.8,7288.1,6262.1
2004-08-31,8294.4,2895.6,1071.3,1824.3,5398.8,7264.8,634.7,394.9,7305.6,6276.3
2004-09-30,8373.0,2938.6,1099.8,1838.8,5434.4,7328.7,640.4,403.9,7371.3,6327.4
2004-10-31,8417.9,2959.3,1092.3,1867.0,5458.6,7352.5,643.1,422.3,7418.7,6353.7
2004-11-30,8458.4,2970.8,1092.2,1878.6,5487.6,7375.0,646.6,436.8,7454.9,6371.8
2004-12-31,8516.5,2998.1,1118.8,1879.4,5518.4,7435.2,650.3,431.0,7509.6,6428.7
2005-01-31,8521.2,2989.7,1102.4,1887.3,5531.4,7440.4,653.3,427.4,7508.1,6427.7
2005-02-28,8575.7,3013.4,1108.7,1904.7,5562.3,7494.7,655.4,425.6,7566.4,6485.8
2005-03-31,8622.5,3016.1,1120.5,1895.6,5606.4,7521.9,656.8,443.8,7596.0,6495.7
2005-04-30,8715.9,3081.9,1154.9,1927.0,5634.0,7607.5,664.2,444.2,7679.3,6571.3
2005-05-31,8680.6,3014.9,1107.7,1907.2,5665.7,7581.4,662.0,437.3,7648.7,6549.8
2005-06-30,8775.3,3075.3,1159.2,1916.1,5700.0,7671.4,666.7,437.2,7730.4,6627.0
2005-07-31,8867.9,3135.1,1197.8,1937.3,5732.8,7735.6,666.3,465.9,7820.8,6689.0
2005-08-31,8872.6,3112.1,1133.4,1978.8,5760.5,7704.8,670.8,497.0,7819.0,6651.5
2005-09-30,8923.6,3129.1,1105.0,2024.1,5794.5,7701.4,675.5,546.7,7867.6,6645.8
2005-10-31,8959.6,3137.2,1094.1,2043.1,5822.3,7733.5,681.0,545.0,7890.5,6664.9
2005-11-30,8987.7,3120.9,1113.5,2007.3,5866.8,7796.9,682.3,508.5,7905.7,6715.3
2005-12-31,9026.8,3137.6,1129.6,2008.0,5889.2,7837.3,684.5,505.0,7941.4,6752.3
2006-01-31,9100.1,3200.3,1163.4,2036.9,5899.8,7925.0,684.9,490.1,8004.1,6829.4
2006-02-28,9134.7,3188.2,1146.1,2042.2,5946.4,7933.2,691.9,509.6,8028.3,6827.2
2006-03-31,9168.1,3187.3,1150.5,2036.8,5980.8,7972.8,689.7,505.5,8054.5,6859.7
2006-04-30,9223.3,3222.6,1152.4,2070.1,6000.7,8010.0,692.8,520.4,8107.3,6894.5
2006-05-31,9254.1,3215.3,1138.7,2076.6,6038.8,8021.1,697.2,535.8,8138.1,6905.6
2006-06-30,9283.8,3229.1,1149.9,2079.2,6054.7,8059.7,696.8,527.3,8163.3,6939.6
2006-07-31,9360.4,3275.8,1165.6,2110.1,6084.6,8090.2,699.7,570.5,8240.3,6970.6
2006-08-31,9368.6,3267.5,1146.4,2121.1,6101.2,8103.3,703.4,561.9,8241.5,6976.7
2006-09-30,9393.9,3259.3,1161.8,2097.4,6134.6,8162.2,702.1,529.6,8267.6,7036.3
2006-10-31,9413.3,3244.5,1162.0,2082.5,6168.8,8199.1,712.5,501.7,8277.5,7063.8
2006-11-30,9431.2,3241.0,1161.9,2079.1,6190.2,8227.7,712.4,491.1,8286.3,7083.2
2006-12-31,9516.5,3298.8,1174.5,2124.3,6217.6,8296.0,719.7,500.7,8365.7,7145.8
2007-01-31,9553.1,3291.0,1175.3,2115.8,6262.0,8318.4,722.6,512.1,8399.0,7164.7
2007-02-28,9590.8,3293.0,1172.7,2120.3,6297.9,8333.1,725.6,532.2,8429.9,7172.6
2007-03-31,9631.6,3322.3,1172.1,2150.2,6309.4,8375.9,728.4,527.3,8470.3,7215.0
2007-04-30,9670.6,3330.6,1176.1,2154.5,6340.0,8374.6,727.4,568.5,8505.2,7209.7
2007-05-31,9708.9,3367.6,1196.2,2171.4,6341.2,8426.7,731.6,550.5,8543.9,7262.2
2007-06-30,9723.3,3355.0,1182.5,2172.5,6368.3,8434.7,736.2,552.4,8555.0,7266.8
2007-07-31,9759.6,3369.9,1179.4,2190.6,6389.7,8459.8,741.2,558.7,8580.1,7280.6
2007-08-31,9800.6,3361.5,1189.2,2172.2,6439.1,8504.5,738.2,557.8,8620.0,7324.3
2007-09-30,9837.5,3392.1,1202.0,2190.1,6445.4,8527.5,742.2,567.8,8649.6,7340.0
2007-10-31,9853.9,3392.4,1199.4,2193.0,6461.5,8558.0,745.2,550.7,8666.8,7371.3
2007-11-30,9928.6,3432.4,1192.6,2239.8,6496.2,8584.1,752.1,592.4,8742.1,7398.1
2007-12-31,9947.6,3431.1,1178.1,2253.0,6516.5,8592.1,757.2,598.3,8757.9,7402.8
2008-01-31,9963.2,3419.0,1167.1,2251.9,6544.2,8609.4,755.5,598.2,8770.9,7417.6
2008-02-29,9955.7,3381.4,1146.7,2234.6,6574.4,8600.2,755.7,599.9,8754.1,7399.0
2008-03-31,10004.2,3418.5,1143.2,2275.3,6585.7,8610.8,762.4,631.0,8808.9,7416.0
2008-04-30,10044.6,3429.7,1140.3,2289.4,6614.9,8646.6,770.7,627.4,8840.6,7443.0
2008-05-31,10093.3,3455.8,1144.9,2311.0,6637.4,8678.2,774.5,640.6,8893.5,7478.8
2008-06-30,10149.4,3490.7,1134.4,2356.4,6658.7,8688.9,784.4,676.1,8946.0,7486.0
2008-07-31,10151.1,3478.0,1106.6,2371.4,6673.1,8678.2,784.7,688.2,8950.4,7477.9
2008-08-31,10140.3,3474.0,1122.6,2351.4,6666.3,8693.9,784.0,662.3,8936.4,7490.4
2008-09-30,10083.2,3398.8,1076.3,2322.4,6684.4,8648.1,782.4,652.6,8877.2,7442.6
2008-10-31,9983.3,3300.2,1028.0,2272.2,6683.1,8588.7,777.6,617.0,8785.8,7391.6
2008-11-30,9851.2,3174.0,1019.0,2155.0,6677.2,8569.3,774.5,507.5,8652.4,7370.8
2008-12-31,9744.2,3088.4,998.4,2090.0,6655.9,8525.0,768.0,451.3,8568.6,7349.7
2009-01-31,9792.1,3140.4,1028.8,2111.6,6651.7,8554.1,770.2,467.7,8628.6,7391.0
2009-02-28,9775.7,3151.0,1010.4,2140.6,6624.7,8536.7,768.8,470.3,8627.7,7389.1
2009-03-31,9742.9,3119.5,996.8,2122.7,6623.4,8497.7,767.8,477.4,8601.0,7356.2
2009-04-30,9741.9,3115.3,988.8,2126.5,6626.6,8512.0,765.8,464.1,8606.5,7377.0
2009-05-31,9759.7,3144.2,1008.7,2135.5,6615.5,8527.9,768.1,463.7,8631.0,7399.7
2009-06-30,9807.6,3185.6,1016.7,2168.9,6622.0,8537.9,768.4,501.3,8676.5,7407.2
2009-07-31,9835.2,3206.8,1030.5,2176.4,6628.3,8575.4,766.5,493.3,8703.9,7444.5
2009-08-31,9961.9,3310.3,1103.3,2207.0,6651.6,8669.1,767.0,525.8,8825.7,7533.3
2009-09-30,9875.4,3217.6,1003.7,2213.9,6657.8,8580.9,770.3,524.1,8742.3,7448.2
2009-10-31,9924.6,3237.8,1014.7,2223.0,6686.8,8619.0,772.0,533.6,8780.9,7475.7
2009-11-30,9946.1,3266.8,1037.8,2229.0,6679.3,8649.5,773.0,523.6,8791.7,7495.5
2009-12-31,10000.6,3285.9,1039.5,2246.4,6714.7,8668.2,781.7,550.8,8850.2,7518.2
2010-01-31,10003.4,3285.0,1025.6,2259.4,6718.4,8665.8,779.5,558.1,8848.5,7511.3
2010-02-28,10034.7,3291.0,1025.0,2266.0,6743.7,8691.1,790.8,552.8,8870.2,7527.0
2010-03-31,10095.5,3338.6,1069.9,2268.7,6756.9,8773.1,785.8,536.6,8919.6,7597.6
2010-04-30,10106.9,3325.2,1063.5,2261.7,6781.7,8798.2,781.6,527.1,8922.0,7613.7
2010-05-31,10140.2,3321.6,1064.5,2257.1,6818.6,8816.6,783.1,540.5,8948.5,7625.3
2010-06-30,10165.9,3330.1,1066.0,2264.1,6835.8,8845.6,781.2,539.0,8974.7,7654.9
2010-07-31,10184.3,3332.4,1069.8,2262.5,6851.9,8862.9,777.7,543.7,8990.1,7669.1
2010-08-31,10247.1,3370.5,1076.5,2294.0,6876.6,8904.6,790.2,552.3,9048.3,7706.2
2010-09-30,10268.9,3384.4,1078.9,2305.4,6884.5,8924.1,792.0,552.8,9069.1,7724.7
2010-10-31,10343.7,3436.4,1104.9,2331.5,6907.3,8984.1,794.6,565.0,9137.7,7778.5
2010-11-30,10399.8,3458.9,1102.3,2356.6,6940.8,9016.7,803.2,579.9,9194.6,7812.0
2010-12-31,10436.1,3479.8,1101.2,2378.6,6956.3,9019.5,807.1,609.5,9232.3,7816.1
2011-01-31,10474.7,3511.4,1109.2,2402.2,6963.3,9058.0,811.0,605.7,9264.9,7848.5
2011-02-28,10512.4,3528.3,1111.1,2417.2,6984.2,9096.0,817.5,598.9,9298.6,7882.5
2011-03-31,10583.5,3562.3,1125.6,2436.7,7021.2,9140.1,817.5,625.9,9364.7,7921.6
2011-04-30,10624.6,3589.7,1120.8,2468.8,7035.0,9165.8,826.8,632.1,9405.9,7947.4
2011-05-31,10653.1,3583.7,1109.8,2473.9,7069.4,9183.5,826.4,643.1,9432.2,7963.0
2011-06-30,10676.4,3590.5,1106.5,2484.1,7085.8,9214.1,830.2,632.1,9450.7,7988.8
2011-07-31,10727.1,3606.7,1122.5,2484.1,7120.4,9245.8,831.9,649.4,9492.1,8011.1
2011-08-31,10745.6,3602.4,1116.1,2486.3,7143.3,9272.9,837.3,635.5,9510.6,8038.2
2011-09-30,10790.6,3630.0,1132.9,2497.1,7160.6,9313.3,835.1,642.2,9551.6,8074.6
2011-10-31,10827.6,3659.6,1151.7,2507.9,7167.9,9344.0,841.1,642.5,9595.5,8112.3
2011-11-30,10828.7,3652.7,1145.8,2506.9,7176.0,9360.7,842.3,625.7,9599.5,8131.9
2011-12-31,10827.3,3640.3,1152.0,2488.4,7187.0,9387.5,832.6,607.2,9598.1,8158.7
2012-01-31,10905.6,3686.5,1170.1,2516.3,7219.1,9463.8,844.6,597.2,9658.0,8216.6
2012-02-29,10975.9,3720.9,1181.9,2539.0,7255.1,9515.0,844.0,617.0,9724.0,8263.4
2012-03-31,10987.2,3735.8,1184.3,2551.6,7251.4,9530.8,846.3,610.1,9742.8,8286.7
2012-04-30,11017.4,3739.4,1185.6,2553.8,7277.9,9530.6,848.3,638.4,9779.7,8293.3
2012-05-31,11010.3,3719.6,1181.0,2538.7,7290.7,9538.5,848.7,623.1,9776.5,8305.0
2012-06-30,10997.4,3692.5,1178.2,2514.3,7304.9,9543.8,844.9,608.7,9761.9,8308.6
2012-07-31,11034.9,3706.0,1184.8,2521.2,7328.9,9571.9,848.9,614.1,9795.2,8332.6
2012-08-31,11054.9,3740.4,1189.0,2551.4,7314.5,9570.9,847.7,636.4,9822.8,8339.1
2012-09-30,11131.0,3787.8,1208.8,2579.0,7343.2,9625.1,850.1,655.8,9886.1,8380.6
2012-10-31,11144.7,3778.7,1190.7,2588.0,7366.0,9629.8,856.3,658.6,9888.3,8373.8
2012-11-30,11161.7,3773.3,1214.9,2558.4,7388.4,9685.3,852.2,624.2,9901.8,8425.9
2012-12-31,11186.5,3788.0,1233.1,2554.9,7398.6,9723.3,853.4,609.8,9918.5,8455.8
2013-01-31,11225.4,3820.3,1240.8,2579.5,7405.0,9752.7,855.2,617.4,9964.0,8491.8
2013-02-28,11283.0,3855.7,1245.6,2610.1,7427.3,9760.1,861.1,661.8,10010.6,8488.2
2013-03-31,11261.6,3806.9,1228.7,2578.2,7454.8,9756.5,855.8,649.4,9987.0,8482.3
2013-04-30,11253.9,3796.2,1234.3,2561.9,7457.7,9775.4,848.5,630.0,9974.7,8496.6
2013-05-31,11279.5,3799.8,1233.8,2566.0,7479.7,9811.2,852.6,615.7,9995.4,8527.6
2013-06-30,11320.2,3814.9,1243.4,2571.4,7505.3,9844.5,851.8,624.0,10036.0,8560.7
2013-07-31,11343.1,3832.0,1243.5,2588.5,7511.2,9870.2,854.6,618.3,10062.1,8589.7
2013-08-31,11370.2,3822.1,1241.9,2580.2,7548.1,9900.5,856.2,613.5,10075.6,8606.3
2013-09-30,11423.9,3849.9,1238.9,2611.0,7574.0,9929.1,859.4,635.4,10127.1,8632.8
2013-10-31,11465.2,3856.4,1246.8,2609.6,7608.8,9983.8,858.9,622.5,10156.1,8675.2
2013-11-30,11542.0,3878.5,1259.3,2619.2,7663.4,10036.1,863.9,642.0,10219.5,8714.1
2013-12-31,11566.0,3881.5,1243.2,2638.3,7684.5,10040.3,872.5,653.2,10243.0,8717.8
2014-01-31,11576.3,3864.8,1228.1,2636.7,7711.5,10019.9,871.7,684.8,10259.5,8703.6
2014-02-28,11629.1,3905.1,1255.3,2649.8,7724.0,10086.8,873.5,668.8,10309.8,8768.0
2014-03-31,11715.1,3942.8,1293.5,2649.3,7772.2,10182.8,875.1,657.2,10380.7,8849.0
2014-04-30,11748.4,3956.8,1282.7,2674.2,7791.5,10218.2,879.0,651.2,10403.6,8874.0
2014-05-31,11787.3,3957.9,1291.6,2666.3,7829.4,10269.3,880.3,637.7,10431.5,8914.0
2014-06-30,11840.1,3977.0,1300.3,2676.6,7863.2,10331.8,884.9,623.4,10477.9,8970.2
2014-07-31,11881.1,3989.5,1300.1,2689.4,7891.6,10377.1,886.1,617.9,10514.3,9010.9
2014-08-31,11966.8,4018.4,1321.9,2696.5,7948.4,10459.9,889.6,617.4,10590.8,9084.4
2014-09-30,11975.6,3993.5,1306.8,2686.8,7982.0,10472.7,890.1,612.7,10598.2,9095.9
2014-10-31,12050.4,4018.0,1316.9,2701.1,8032.4,10542.8,893.3,614.3,10661.8,9154.8
2014-11-30,12098.2,4027.1,1332.3,2694.8,8071.1,10590.9,894.6,612.7,10706.6,9199.8
2014-12-31,12095.6,3994.4,1327.1,2667.3,8101.2,10640.5,894.6,560.4,10694.1,9239.6
2015-01-31,12088.3,3952.3,1332.1,2620.2,8136.0,10657.1,897.2,534.0,10683.4,9252.8
2015-02-28,12128.6,3952.8,1329.1,2623.7,8175.8,10678.1,895.7,554.7,10721.7,9271.9
2015-03-31,12209.6,4020.2,1364.2,2656.0,8189.3,10770.3,899.4,539.9,10789.8,9351.2
2015-04-30,12228.3,4001.5,1361.5,2640.0,8226.7,10808.5,894.0,525.8,10793.4,9374.2
2015-05-31,12302.8,4048.6,1376.7,2671.9,8254.2,10866.6,894.1,542.1,10862.0,9426.4
2015-06-30,12321.5,4038.6,1362.0,2676.6,8282.9,10875.8,896.1,549.6,10880.7,9435.6
2015-07-31,12374.9,4069.7,1371.3,2698.4,8305.2,10926.8,899.6,548.6,10923.6,9476.0
2015-08-31,12408.3,4069.7,1376.0,2693.7,8338.6,10965.0,899.8,543.6,10953.6,9510.9
2015-09-30,12440.1,4062.2,1382.4,2679.8,8377.9,11010.9,904.0,525.2,10977.6,9549.1
2015-10-31,12454.1,4044.1,1372.4,2671.7,8410.0,11039.5,899.0,515.6,10983.0,9569.0
2015-11-30,12499.2,4069.9,1387.9,2682.1,8429.3,11090.7,902.4,506.2,11018.6,9610.7
2015-12-31,12531.4,4068.1,1390.1,2678.0,8463.3,11141.9,906.2,483.3,11045.5,9656.6
2016-01-31,12536.6,4045.5,1375.9,2669.6,8491.2,11136.7,907.2,492.7,11047.2,9647.9
2016-02-29,12584.5,4048.1,1384.7,2663.4,8536.4,11210.4,907.3,466.8,11086.5,9713.0
2016-03-31,12593.3,4047.0,1387.0,2660.0,8546.3,11231.0,904.8,457.4,11095.8,9734.2
2016-04-30,12699.8,4095.0,1398.6,2696.4,8604.8,11304.5,914.6,480.8,11191.3,9796.6
2016-05-31,12750.4,4104.7,1399.7,2704.9,8645.7,11343.5,917.3,489.6,11235.2,9829.0
2016-06-30,12814.8,4125.8,1404.9,2720.9,8688.9,11393.0,916.7,505.0,11287.4,9866.2
2016-07-31,12849.4,4125.8,1423.8,2702.0,8723.5,11443.4,913.2,492.8,11306.7,9901.4
2016-08-31,12883.7,4120.0,1408.9,2711.1,8763.7,11469.8,915.4,498.5,11333.0,9919.7
2016-09-30,12965.2,4157.4,1427.8,2729.6,8807.8,11541.3,917.6,506.3,11400.7,9977.4
2016-10-31,13006.2,4184.2,1439.9,2744.4,8821.9,11582.5,924.1,499.5,11440.4,10017.4
2016-11-30,13046.9,4184.5,1429.2,2755.3,8862.4,11615.7,922.4,508.7,11481.7,10051.2
2016-12-31,13117.7,4219.0,1451.6,2767.4,8898.7,11660.8,920.3,536.6,11540.3,10084.1
2017-01-31,13160.0,4231.9,1438.2,2793.6,8928.1,11711.9,925.5,522.6,11570.8,10123.3
2017-02-28,13175.0,4222.9,1442.4,2780.5,8952.1,11737.6,923.9,513.5,11581.1,10144.2
2017-03-31,13239.7,4237.8,1449.0,2788.8,9001.9,11786.4,927.9,525.4,11631.6,10179.0
2017-04-30,13281.7,4255.2,1455.1,2800.1,9026.5,11827.4,931.7,522.6,11667.8,10214.1
2017-05-31,13310.3,4247.5,1456.2,2791.4,9062.8,11858.5,932.4,519.4,11687.2,10236.1
2017-06-30,13329.1,4238.9,1458.5,2780.4,9090.2,11892.9,928.4,507.7,11702.5,10267.0
2017-07-31,13372.7,4261.9,1475.0,2786.9,9110.8,11942.9,928.9,500.9,11737.1,10308.0
2017-08-31,13390.6,4253.1,1458.7,2794.4,9137.5,11949.7,931.5,509.4,11748.7,10308.4
