Date,Gross domestic product,Personal consumption expenditures,:Goods,::Durable goods,::Nondurable goods,:Services,Gross private domestic investment,:Fixed investment,::Nonresidential,:::Structures,:::Equipment,:::Intellectual property products,::Residential,:Change in private inventories,Net exports of goods and services,:Exports,::Goods,::Services,:Imports,::Goods,::Services,Government consumption expenditures and gross investment,:Federal,::National defense,::Nondefense,:State and local
1947-03-31,243080.0,156288.0,95593.0,20721.0,74872.0,60695.0,35856.0,35361.0,24820.0,7889.0,14927.0,2004.0,10541.0,495.0,10875.0,18394.0,15728.0,2666.0,7519.0,5612.0,1907.0,40061.0,26636.0,22488.0,4148.0,13425.0
1947-06-30,246267.0,160158.0,98250.0,21352.0,76898.0,61908.0,34504.0,35744.0,25171.0,7947.0,15226.0,1998.0,10573.0,-1240.0,11294.0,19497.0,16732.0,2765.0,8203.0,6292.0,1911.0,40311.0,26476.0,21184.0,5292.0,13835.0
1947-09-30,250115.0,163667.0,100418.0,21770.0,78648.0,63249.0,34909.0,37826.0,25360.0,8280.0,15044.0,2036.0,12466.0,-2917.0,11770.0,19433.0,16792.0,2641.0,7663.0,5828.0,1835.0,39769.0,25316.0,20272.0,5044.0,14453.0
1947-12-31,260309.0,167797.0,103453.0,23487.0,79966.0,64344.0,43249.0,41793.0,26539.0,8432.0,16067.0,2040.0,15254.0,1456.0,9289.0,17636.0,15136.0,2500.0,8347.0,6160.0,2187.0,39974.0,24824.0,20728.0,4096.0,15150.0
1948-03-31,266173.0,170500.0,105094.0,23548.0,81546.0,65406.0,47200.0,43574.0,28229.0,8833.0,17334.0,2062.0,15345.0,3626.0,7293.0,16917.0,14576.0,2341.0,9624.0,7340.0,2284.0,41180.0,25516.0,20880.0,4636.0,15664.0
1948-06-30,272897.0,174272.0,107188.0,24019.0,83169.0,67084.0,50333.0,44474.0,28047.0,9327.0,16658.0,2062.0,16427.0,5859.0,5205.0,15241.0,13004.0,2237.0,10036.0,7644.0,2392.0,43087.0,26656.0,20652.0,6004.0,16431.0
1948-09-30,279497.0,177204.0,108743.0,25277.0,83466.0,68461.0,52513.0,45361.0,29078.0,9854.0,17130.0,2094.0,16283.0,7152.0,4949.0,15405.0,13128.0,2277.0,10456.0,7708.0,2748.0,44831.0,27504.0,20760.0,6744.0,17327.0
1948-12-31,280656.0,178060.0,108656.0,24970.0,83686.0,69404.0,51332.0,45335.0,30158.0,10090.0,17998.0,2070.0,15177.0,5997.0,4501.0,14625.0,12352.0,2273.0,10124.0,7536.0,2588.0,46763.0,28732.0,21600.0,7132.0,18031.0
1949-03-31,275370.0,176966.0,107167.0,24435.0,82732.0,69799.0,43137.0,42749.0,28580.0,9736.0,16826.0,2018.0,14169.0,388.0,6478.0,16082.0,13676.0,2406.0,9604.0,7164.0,2440.0,48789.0,30220.0,22524.0,7696.0,18569.0
1949-06-30,271692.0,178583.0,108283.0,26389.0,81894.0,70300.0,36239.0,41387.0,27474.0,9377.0,16090.0,2007.0,13913.0,-5148.0,6283.0,15647.0,13168.0,2479.0,9364.0,6852.0,2512.0,50587.0,31288.0,22820.0,8468.0,19299.0
1949-09-30,273262.0,177945.0,107569.0,27314.0,80255.0,70376.0,39547.0,40854.0,26110.0,8915.0,15176.0,2019.0,14744.0,-1307.0,5179.0,14115.0,11884.0,2231.0,8936.0,6620.0,2316.0,50591.0,30536.0,22632.0,7904.0,20055.0
1949-12-31,270984.0,180390.0,109305.0,28356.0,80949.0,71085.0,37462.0,42161.0,25623.0,8684.0,14836.0,2103.0,16538.0,-4699.0,2999.0,12091.0,10124.0,1967.0,9092.0,6860.0,2232.0,50133.0,29840.0,21660.0,8180.0,20293.0
1950-03-31,281209.0,183065.0,110800.0,29335.0,81465.0,72265.0,46747.0,44723.0,26384.0,9075.0,15130.0,2179.0,18339.0,2024.0,2203.0,11704.0,9624.0,2080.0,9501.0,7184.0,2317.0,49194.0,28608.0,20948.0,7660.0,20586.0
1950-06-30,290735.0,186953.0,112588.0,29800.0,82788.0,74365.0,52288.0,49455.0,28852.0,9502.0,17114.0,2236.0,20603.0,2833.0,1643.0,11872.0,9752.0,2120.0,10229.0,7808.0,2421.0,49851.0,28952.0,21004.0,7948.0,20899.0
1950-09-30,308510.0,200653.0,123988.0,37355.0,86633.0,76665.0,58643.0,54466.0,31911.0,10269.0,19343.0,2299.0,22555.0,4177.0,-740.0,12293.0,10180.0,2113.0,13033.0,10464.0,2569.0,49954.0,28444.0,22744.0,5700.0,21510.0
1950-12-31,320320.0,198090.0,119943.0,33292.0,86651.0,78147.0,68438.0,54394.0,32916.0,10982.0,19609.0,2325.0,21478.0,14044.0,-154.0,13531.0,11256.0,2275.0,13685.0,10868.0,2817.0,53946.0,31816.0,26124.0,5692.0,22130.0
1951-03-31,336372.0,209356.0,127605.0,35638.0,91967.0,81751.0,64583.0,54197.0,33140.0,11467.0,19383.0,2290.0,21057.0,10386.0,177.0,15043.0,12508.0,2535.0,14866.0,11772.0,3094.0,62256.0,39596.0,33596.0,6000.0,22660.0
1951-06-30,344455.0,205090.0,122182.0,30736.0,91446.0,82908.0,67379.0,52587.0,34120.0,12151.0,19672.0,2297.0,18467.0,14792.0,1943.0,17121.0,14308.0,2813.0,15178.0,12040.0,3138.0,70043.0,46624.0,40320.0,6304.0,23419.0
1951-09-30,351774.0,207758.0,123363.0,30192.0,93171.0,84395.0,61976.0,52236.0,34838.0,12280.0,20198.0,2360.0,17398.0,9740.0,3742.0,18052.0,15096.0,2956.0,14310.0,10808.0,3502.0,78298.0,54340.0,48132.0,6208.0,23958.0
1951-12-31,356579.0,211733.0,125844.0,30390.0,95454.0,85889.0,57081.0,52362.0,34639.0,11918.0,20242.0,2479.0,17723.0,4719.0,4190.0,18180.0,15060.0,3120.0,13990.0,10084.0,3906.0,83575.0,59348.0,52928.0,6420.0,24227.0
1952-03-31,360195.0,213094.0,125538.0,30776.0,94762.0,87556.0,58130.0,53398.0,35129.0,12029.0,20418.0,2682.0,18269.0,4732.0,3721.0,18679.0,15416.0,3263.0,14958.0,10696.0,4262.0,85250.0,60920.0,53528.0,7392.0,24330.0
1952-06-30,361414.0,217227.0,127606.0,31006.0,96600.0,89621.0,53000.0,54523.0,35760.0,12075.0,20821.0,2864.0,18763.0,-1523.0,1951.0,16581.0,13440.0,3141.0,14630.0,10604.0,4026.0,89236.0,64092.0,57020.0,7072.0,25144.0
1952-09-30,368084.0,219715.0,127941.0,29467.0,98474.0,91774.0,57216.0,51642.0,32888.0,12150.0,17671.0,3067.0,18754.0,5574.0,-4.0,15246.0,12400.0,2846.0,15250.0,10768.0,4482.0,91157.0,66168.0,58704.0,7464.0,24989.0
1952-12-31,381241.0,227856.0,134054.0,33723.0,100331.0,93802.0,60738.0,55464.0,35817.0,12642.0,19867.0,3308.0,19647.0,5274.0,-1013.0,15329.0,12540.0,2789.0,16342.0,11284.0,5058.0,93660.0,68108.0,60540.0,7568.0,25552.0
1953-03-31,388472.0,231463.0,135702.0,35185.0,100517.0,95761.0,61659.0,57769.0,37787.0,13061.0,21245.0,3481.0,19982.0,3890.0,-667.0,15128.0,12132.0,2996.0,15795.0,10988.0,4807.0,96017.0,69652.0,61340.0,8312.0,26365.0
1953-06-30,392259.0,233224.0,135575.0,35019.0,100556.0,97649.0,62117.0,58540.0,38467.0,13499.0,21306.0,3662.0,20073.0,3577.0,-1251.0,15196.0,12308.0,2888.0,16447.0,11516.0,4931.0,98169.0,71932.0,62004.0,9928.0,26237.0
1953-09-30,391696.0,233949.0,134420.0,34577.0,99843.0,99529.0,61433.0,59102.0,39612.0,13749.0,22125.0,3738.0,19490.0,2331.0,-552.0,15755.0,12864.0,2891.0,16307.0,11152.0,5155.0,96866.0,69964.0,60980.0,8984.0,26902.0
1953-12-31,386521.0,233411.0,133641.0,33682.0,99959.0,99770.0,56445.0,58451.0,39200.0,13971.0,21446.0,3783.0,19251.0,-2006.0,-335.0,15172.0,12344.0,2828.0,15507.0,10244.0,5263.0,97000.0,69516.0,60300.0,9216.0,27484.0
1954-03-31,385924.0,235447.0,134173.0,32911.0,101262.0,101274.0,55712.0,57678.0,38327.0,13920.0,20570.0,3837.0,19351.0,-1966.0,-356.0,14424.0,11588.0,2836.0,14780.0,9976.0,4804.0,95121.0,66764.0,57360.0,9404.0,28357.0
1954-06-30,386716.0,238193.0,134969.0,33645.0,101324.0,103224.0,55446.0,58824.0,38156.0,13877.0,20424.0,3855.0,20668.0,-3378.0,254.0,16438.0,13620.0,2818.0,16184.0,11048.0,5136.0,92823.0,63708.0,55248.0,8460.0,29115.0
1954-09-30,391596.0,240629.0,135430.0,33233.0,102197.0,105199.0,58967.0,61058.0,38875.0,13852.0,21131.0,3892.0,22183.0,-2091.0,574.0,15878.0,12900.0,2978.0,15304.0,10224.0,5080.0,91426.0,61336.0,53236.0,8100.0,30090.0
1954-12-31,400348.0,245435.0,138495.0,35064.0,103431.0,106940.0,62138.0,62454.0,38889.0,13811.0,21123.0,3955.0,23565.0,-316.0,1145.0,16605.0,13608.0,2997.0,15460.0,10164.0,5296.0,91630.0,61216.0,52044.0,9172.0,30414.0
1955-03-31,413753.0,251764.0,142939.0,38437.0,104502.0,108825.0,68720.0,64916.0,39497.0,14274.0,21144.0,4079.0,25419.0,3804.0,1104.0,17273.0,14180.0,3093.0,16169.0,11104.0,5065.0,92165.0,60712.0,52372.0,8340.0,31453.0
1955-06-30,422226.0,256848.0,146831.0,40708.0,106123.0,110017.0,72685.0,68065.0,42060.0,14744.0,23119.0,4197.0,26005.0,4620.0,-155.0,16942.0,13800.0,3142.0,17097.0,11232.0,5865.0,92848.0,60860.0,51900.0,8960.0,31988.0
1955-09-30,430925.0,261049.0,149363.0,42421.0,106942.0,111686.0,74746.0,70451.0,44825.0,15438.0,25010.0,4377.0,25626.0,4295.0,724.0,18145.0,14780.0,3365.0,17421.0,11296.0,6125.0,94406.0,61928.0,53104.0,8824.0,32478.0
1955-12-31,437787.0,265053.0,150460.0,41413.0,109047.0,114593.0,78881.0,71648.0,47083.0,16172.0,26280.0,4631.0,24565.0,7233.0,240.0,18349.0,14936.0,3413.0,18109.0,12476.0,5633.0,93613.0,60540.0,52164.0,8376.0,33073.0
1956-03-31,440491.0,266584.0,150215.0,39673.0,110542.0,116369.0,78303.0,71905.0,47773.0,17415.0,25442.0,4916.0,24132.0,6398.0,440.0,19365.0,15900.0,3465.0,18925.0,13020.0,5905.0,95164.0,60984.0,52784.0,8200.0,34180.0
1956-06-30,446771.0,269274.0,151111.0,39819.0,111292.0,118163.0,77018.0,73433.0,49059.0,17982.0,25920.0,5157.0,24374.0,3585.0,1909.0,20882.0,17196.0,3686.0,18973.0,12692.0,6281.0,98570.0,63508.0,54968.0,8540.0,35062.0
1956-09-30,451983.0,272521.0,152116.0,39685.0,112431.0,120405.0,78264.0,74695.0,50743.0,18590.0,26822.0,5331.0,23952.0,3569.0,2569.0,21822.0,18052.0,3770.0,19253.0,12620.0,6633.0,98629.0,62796.0,55116.0,7680.0,35833.0
1956-12-31,461278.0,277896.0,155173.0,41497.0,113676.0,122723.0,77146.0,74902.0,51411.0,18733.0,27188.0,5490.0,23491.0,2244.0,4527.0,23068.0,19076.0,3992.0,18541.0,12880.0,5661.0,101709.0,65160.0,57060.0,8100.0,36549.0
1957-03-31,470578.0,282333.0,158013.0,42598.0,115415.0,124320.0,77728.0,75566.0,52465.0,18770.0,28203.0,5492.0,23101.0,2162.0,4819.0,24919.0,20640.0,4279.0,20100.0,13188.0,6912.0,105698.0,67884.0,58856.0,9028.0,37814.0
1957-06-30,472835.0,284619.0,158648.0,42169.0,116479.0,125971.0,77906.0,75249.0,52639.0,18992.0,28112.0,5535.0,22610.0,2657.0,4099.0,24369.0,20084.0,4285.0,20270.0,13376.0,6894.0,106211.0,67516.0,59664.0,7852.0,38695.0
1957-09-30,480315.0,289189.0,161228.0,41874.0,119354.0,127961.0,79337.0,76529.0,54065.0,19096.0,29334.0,5635.0,22464.0,2808.0,3997.0,23759.0,19416.0,4343.0,19762.0,13060.0,6702.0,107792.0,68356.0,60688.0,7668.0,39436.0
1957-12-31,475681.0,290802.0,160519.0,41466.0,119053.0,130283.0,71046.0,75564.0,53215.0,18942.0,28595.0,5678.0,22349.0,-4518.0,3388.0,23022.0,18108.0,4914.0,19634.0,13540.0,6094.0,110445.0,70036.0,60648.0,9388.0,40409.0
1958-03-31,468353.0,290331.0,159258.0,39396.0,119862.0,131073.0,66731.0,70740.0,49370.0,18084.0,25526.0,5760.0,21370.0,-4009.0,1079.0,20534.0,16560.0,3974.0,19455.0,12580.0,6875.0,110212.0,68708.0,60840.0,7868.0,41504.0
1958-06-30,472786.0,293248.0,159819.0,38635.0,121184.0,133429.0,65062.0,69297.0,47828.0,17594.0,24365.0,5869.0,21469.0,-4235.0,471.0,20546.0,16328.0,4218.0,20075.0,12668.0,7407.0,114005.0,71512.0,61976.0,9536.0,42493.0
1958-09-30,486653.0,298308.0,162423.0,39396.0,123027.0,135885.0,71998.0,70451.0,47434.0,17259.0,24136.0,6039.0,23017.0,1547.0,856.0,20595.0,16448.0,4147.0,19739.0,12780.0,6959.0,115491.0,71860.0,62644.0,9216.0,43631.0
1958-12-31,500380.0,302222.0,164772.0,40693.0,124079.0,137450.0,80002.0,74767.0,49333.0,17579.0,25482.0,6272.0,25434.0,5235.0,-260.0,20563.0,16320.0,4243.0,20823.0,13780.0,7043.0,118416.0,73896.0,63448.0,10448.0,44520.0
1959-03-31,511063.0,309867.0,169723.0,43649.0,126074.0,140144.0,83165.0,79289.0,50941.0,17397.0,27077.0,6467.0,28348.0,3876.0,405.0,21801.0,15552.0,6249.0,21396.0,14484.0,6912.0,117626.0,72348.0,61136.0,11212.0,45278.0
1959-06-30,524241.0,315885.0,172618.0,45464.0,127154.0,143267.0,89380.0,82092.0,52734.0,18037.0,28059.0,6638.0,29358.0,7288.0,12.0,22556.0,15908.0,6648.0,22544.0,15532.0,7012.0,118964.0,73556.0,60284.0,13272.0,45408.0
1959-09-30,525196.0,321086.0,174526.0,46336.0,128190.0,146560.0,83606.0,83222.0,54421.0,18644.0,29118.0,6659.0,28801.0,384.0,598.0,23466.0,17504.0,5962.0,22868.0,15796.0,7072.0,119906.0,74492.0,61392.0,13100.0,45414.0
1959-12-31,529322.0,323194.0,173564.0,44103.0,129461.0,149630.0,86525.0,82405.0,54399.0,18519.0,29127.0,6753.0,28006.0,4120.0,574.0,23078.0,16868.0,6210.0,22504.0,15428.0,7076.0,119029.0,73796.0,60948.0,12848.0,45233.0
1960-03-31,543347.0,326727.0,175059.0,45456.0,129603.0,151668.0,96473.0,85273.0,56319.0,19360.0,30089.0,6870.0,28954.0,11200.0,2717.0,26005.0,19540.0,6465.0,23288.0,15700.0,7588.0,117430.0,70948.0,60032.0,10916.0,46482.0
1960-06-30,542697.0,332591.0,178398.0,46434.0,131964.0,154193.0,87094.0,83870.0,57186.0,19473.0,30749.0,6964.0,26684.0,3224.0,4159.0,27614.0,20464.0,7150.0,23455.0,15888.0,7567.0,118853.0,71008.0,59508.0,11500.0,47845.0
1960-09-30,546012.0,332534.0,177504.0,45925.0,131579.0,155030.0,86373.0,82053.0,56161.0,19418.0,29471.0,7272.0,25892.0,4320.0,4165.0,27044.0,20928.0,6116.0,22879.0,15056.0,7823.0,122940.0,74132.0,61960.0,12172.0,48808.0
1960-12-31,541063.0,334454.0,177103.0,44689.0,132414.0,157351.0,75963.0,81775.0,55882.0,20022.0,28407.0,7453.0,25893.0,-5812.0,5774.0,27516.0,20880.0,6636.0,21742.0,14236.0,7506.0,124872.0,75276.0,62096.0,13180.0,49596.0
1961-03-31,545949.0,334981.0,175643.0,42241.0,133402.0,159338.0,78377.0,80925.0,55011.0,19929.0,27408.0,7674.0,25914.0,-2548.0,5797.0,27455.0,21200.0,6255.0,21658.0,14064.0,7594.0,126794.0,75264.0,63404.0,11860.0,51530.0
1961-06-30,557430.0,339939.0,177565.0,43320.0,134245.0,162374.0,84108.0,82316.0,56198.0,19634.0,28635.0,7929.0,26118.0,1792.0,5533.0,27432.0,20052.0,7380.0,21899.0,14256.0,7643.0,127850.0,76156.0,63356.0,12800.0,51694.0
1961-09-30,568228.0,342839.0,179178.0,44581.0,134597.0,163661.0,90914.0,84258.0,56708.0,19665.0,28944.0,8099.0,27550.0,6656.0,3909.0,27235.0,20996.0,6239.0,23326.0,15760.0,7566.0,130566.0,78092.0,64956.0,13136.0,52474.0
1961-12-31,581624.0,350109.0,182848.0,46683.0,136165.0,167261.0,92931.0,86935.0,58473.0,19632.0,30628.0,8213.0,28462.0,5996.0,4416.0,28286.0,21540.0,6746.0,23870.0,16132.0,7738.0,134168.0,79904.0,66448.0,13456.0,54264.0
1962-03-31,595176.0,355384.0,185535.0,47702.0,137833.0,169849.0,98075.0,88667.0,59657.0,20030.0,31401.0,8226.0,29010.0,9408.0,3950.0,28264.0,21192.0,7072.0,24314.0,16440.0,7874.0,137767.0,83316.0,69184.0,14132.0,54451.0
1962-06-30,602580.0,361016.0,187793.0,49047.0,138746.0,173223.0,96704.0,91260.0,61354.0,20828.0,32197.0,8329.0,29906.0,5444.0,5800.0,30684.0,22256.0,8428.0,24884.0,16920.0,7964.0,139060.0,84088.0,68912.0,15176.0,54972.0
1962-09-30,609575.0,364878.0,189528.0,49567.0,139961.0,175350.0,98160.0,91972.0,62101.0,21355.0,32321.0,8425.0,29871.0,6188.0,3839.0,28950.0,22264.0,6686.0,25111.0,17084.0,8027.0,142698.0,87000.0,70444.0,16556.0,55698.0
1962-12-31,613132.0,371149.0,193023.0,51546.0,141477.0,178126.0,94970.0,91606.0,61821.0,20900.0,32304.0,8617.0,29785.0,3364.0,2814.0,28364.0,21122.0,7242.0,25550.0,17032.0,8518.0,144199.0,87564.0,70276.0,17288.0,56635.0
1963-03-31,622679.0,374718.0,195046.0,52589.0,142457.0,179672.0,99686.0,92818.0,61970.0,20233.0,32872.0,8865.0,30848.0,6868.0,3883.0,29068.0,21290.0,7778.0,25185.0,16916.0,8269.0,144392.0,86168.0,69368.0,16800.0,58224.0
1963-06-30,631835.0,378851.0,196687.0,53882.0,142805.0,182164.0,101648.0,96812.0,63882.0,21233.0,33467.0,9182.0,32930.0,4836.0,6533.0,32423.0,23448.0,8975.0,25890.0,17568.0,8322.0,144803.0,85720.0,68872.0,16848.0,59083.0
1963-09-30,644960.0,385841.0,199869.0,54701.0,145168.0,185972.0,104607.0,98891.0,65707.0,21436.0,34894.0,9377.0,33184.0,5716.0,3915.0,30619.0,23764.0,6855.0,26704.0,18152.0,8552.0,150597.0,89816.0,70828.0,18988.0,60781.0
1963-12-31,654840.0,390504.0,201017.0,55739.0,145278.0,189487.0,107188.0,102124.0,67668.0,21891.0,36238.0,9539.0,34456.0,5064.0,5423.0,32187.0,24878.0,7309.0,26764.0,18216.0,8548.0,151725.0,89632.0,70884.0,18748.0,62093.0
1964-03-31,671149.0,400121.0,206648.0,57995.0,148653.0,193473.0,110473.0,105349.0,69112.0,22425.0,37146.0,9541.0,36237.0,5124.0,7263.0,34241.0,26148.0,8093.0,26978.0,18344.0,8634.0,153292.0,90048.0,70380.0,19668.0,63244.0
1964-06-30,680757.0,408085.0,210932.0,59477.0,151455.0,197153.0,110522.0,106066.0,71078.0,23450.0,37940.0,9688.0,34988.0,4456.0,7070.0,34796.0,26034.0,8762.0,27726.0,19080.0,8646.0,155080.0,90100.0,69372.0,20728.0,64980.0
1964-09-30,692807.0,416985.0,216253.0,61376.0,154877.0,200732.0,112631.0,107939.0,73406.0,24250.0,39264.0,9892.0,34533.0,4692.0,6377.0,34806.0,26988.0,7818.0,28429.0,19720.0,8709.0,156814.0,90828.0,70156.0,20672.0,65986.0
1964-12-31,698424.0,419574.0,215176.0,59377.0,155799.0,204398.0,114982.0,109966.0,75322.0,24823.0,40390.0,10109.0,34644.0,5016.0,6948.0,36233.0,27898.0,8335.0,29285.0,20424.0,8861.0,156920.0,89916.0,68988.0,20928.0,67004.0
1965-03-31,719248.0,430289.0,222675.0,64915.0,157760.0,207614.0,126538.0,114994.0,80226.0,26142.0,43542.0,10542.0,34768.0,11544.0,4601.0,33058.0,24484.0,8574.0,28457.0,19552.0,8905.0,157820.0,89440.0,68016.0,21424.0,68380.0
1965-06-30,732369.0,437240.0,225584.0,64817.0,160767.0,211656.0,127048.0,118480.0,83378.0,28166.0,44296.0,10916.0,35102.0,8568.0,7457.0,39136.0,28980.0,10156.0,31679.0,22436.0,9243.0,160624.0,90064.0,68164.0,21900.0,70560.0
1965-09-30,750184.0,446422.0,230768.0,66700.0,164068.0,215654.0,131236.0,121944.0,86686.0,28535.0,46825.0,11326.0,35258.0,9292.0,4901.0,36931.0,28116.0,8815.0,32030.0,22808.0,9222.0,167625.0,94440.0,71156.0,23284.0,73185.0
1965-12-31,773104.0,460373.0,239672.0,69128.0,170544.0,220701.0,133750.0,126166.0,90643.0,30442.0,48457.0,11744.0,35523.0,7584.0,5512.0,39460.0,30314.0,9146.0,33948.0,24192.0,9756.0,173469.0,98652.0,74964.0,23688.0,74817.0
1966-03-31,797328.0,470785.0,246405.0,72311.0,174094.0,224380.0,144197.0,130325.0,94379.0,31098.0,51069.0,12212.0,35946.0,13872.0,4417.0,39407.0,30658.0,8749.0,34990.0,24852.0,10138.0,177929.0,101176.0,77476.0,23700.0,76753.0
1966-06-30,807153.0,475855.0,246956.0,69720.0,177236.0,228899.0,143500.0,131184.0,96822.0,31172.0,53024.0,12626.0,34362.0,12316.0,5232.0,41472.0,30432.0,11040.0,36240.0,25612.0,10628.0,182566.0,103968.0,79136.0,24832.0,78598.0
1966-09-30,820798.0,484978.0,252094.0,72323.0,179771.0,232884.0,143191.0,131339.0,98321.0,31907.0,53418.0,12996.0,33018.0,11852.0,2205.0,40376.0,30974.0,9402.0,38171.0,27160.0,11011.0,190424.0,109896.0,85624.0,24272.0,80528.0
1966-12-31,834864.0,490763.0,253022.0,72626.0,180396.0,237741.0,145855.0,129351.0,99163.0,31217.0,54581.0,13365.0,30188.0,16504.0,3596.0,42425.0,32292.0,10133.0,38829.0,27712.0,11117.0,194650.0,111132.0,87660.0,23472.0,83518.0
1967-03-31,846046.0,495072.0,253480.0,71104.0,182376.0,241592.0,142809.0,127386.0,97997.0,31668.0,52712.0,13617.0,29389.0,15423.0,4563.0,43995.0,32889.0,11106.0,39432.0,27704.0,11728.0,203602.0,117892.0,92212.0,25680.0,85710.0
1967-06-30,851058.0,504197.0,258504.0,74482.0,184022.0,245693.0,137493.0,131152.0,98295.0,30934.0,53577.0,13784.0,32857.0,6341.0,4520.0,43540.0,32647.0,10893.0,39020.0,26796.0,12224.0,204848.0,117880.0,93492.0,24388.0,86968.0
1967-09-30,866614.0,511436.0,260475.0,74698.0,185777.0,250961.0,142836.0,133573.0,98787.0,31476.0,53193.0,14118.0,34786.0,9263.0,2896.0,42439.0,31954.0,10485.0,39543.0,27012.0,12531.0,209446.0,120916.0,96656.0,24260.0,88530.0
1967-12-31,883201.0,518941.0,263505.0,75641.0,187864.0,255436.0,147654.0,139221.0,101745.0,31966.0,55286.0,14493.0,37476.0,8433.0,2239.0,43892.0,32697.0,11195.0,41653.0,29532.0,12121.0,214367.0,123148.0,97748.0,25400.0,91219.0
1968-03-31,911135.0,536864.0,274392.0,80858.0,193534.0,262472.0,152288.0,143850.0,105582.0,33051.0,57601.0,14930.0,38268.0,8438.0,1099.0,45498.0,33966.0,11532.0,44399.0,32116.0,12283.0,220884.0,126348.0,100452.0,25896.0,94536.0
1968-06-30,936297.0,550592.0,280854.0,83084.0,197770.0,269738.0,158942.0,144860.0,105297.0,33184.0,56698.0,15415.0,39563.0,14082.0,1942.0,47358.0,35358.0,12000.0,45416.0,33152.0,12264.0,224821.0,127104.0,101512.0,25592.0,97717.0
1968-09-30,952347.0,566726.0,290386.0,87544.0,202842.0,276340.0,155684.0,148003.0,107609.0,33232.0,58582.0,15795.0,40394.0,7681.0,1288.0,49529.0,37106.0,12423.0,48241.0,35408.0,12833.0,228649.0,128516.0,101484.0,27032.0,100133.0
1968-12-31,970129.0,575628.0,292834.0,87826.0,205008.0,282794.0,160757.0,154750.0,112178.0,34762.0,61233.0,16183.0,42572.0,6007.0,1067.0,49238.0,36455.0,12783.0,48171.0,35108.0,13063.0,232677.0,129700.0,101976.0,27724.0,102977.0
1969-03-31,995419.0,587812.0,298845.0,90010.0,208835.0,288967.0,172388.0,160899.0,115993.0,35794.0,63690.0,16509.0,44906.0,11489.0,171.0,43974.0,32063.0,11911.0,43803.0,30772.0,13031.0,235048.0,129576.0,101276.0,28300.0,105472.0
1969-06-30,1011361.0,599170.0,302664.0,90448.0,212216.0,296506.0,172720.0,163498.0,118368.0,36671.0,64691.0,17006.0,45130.0,9222.0,1244.0,53915.0,40446.0,13469.0,52671.0,39116.0,13555.0,238227.0,129720.0,100852.0,28868.0,108507.0
1969-09-30,1032016.0,609487.0,306617.0,90629.0,215988.0,302870.0,177566.0,167372.0,122410.0,38931.0,66123.0,17356.0,44962.0,10194.0,976.0,53340.0,39960.0,13380.0,52364.0,38536.0,13828.0,243987.0,133344.0,103456.0,29888.0,110643.0
1969-12-31,1040741.0,621488.0,310588.0,90844.0,219744.0,310900.0,171577.0,165790.0,123287.0,39399.0,66150.0,17738.0,42503.0,5787.0,3333.0,56459.0,42508.0,13951.0,53126.0,38828.0,14298.0,244343.0,131944.0,102696.0,29248.0,112399.0
1970-03-31,1053528.0,632576.0,314093.0,89611.0,224482.0,318483.0,168113.0,166290.0,123797.0,39490.0,66401.0,17906.0,42493.0,1823.0,3396.0,56913.0,43416.0,13497.0,53517.0,39348.0,14169.0,249443.0,133504.0,102844.0,30660.0,115939.0
1970-06-30,1070110.0,642533.0,317558.0,91009.0,226549.0,324975.0,171453.0,166372.0,125007.0,40313.0,66748.0,17946.0,41365.0,5081.0,5385.0,60589.0,45576.0,15013.0,55204.0,40068.0,15136.0,250739.0,131700.0,99608.0,32092.0,119039.0
1970-09-30,1088461.0,654479.0,321724.0,92010.0,229714.0,332755.0,173902.0,168819.0,126253.0,40578.0,67661.0,18014.0,42566.0,5083.0,3843.0,60274.0,45274.0,15000.0,56431.0,41180.0,15251.0,256237.0,132320.0,99928.0,32392.0,123917.0
1970-12-31,1091462.0,661178.0,321802.0,87326.0,234476.0,339376.0,166752.0,170736.0,123518.0,40767.0,64834.0,17917.0,47218.0,-3984.0,3169.0,61058.0,45881.0,15177.0,57889.0,42824.0,15065.0,260363.0,133472.0,100472.0,33000.0,126891.0
1971-03-31,1137812.0,680203.0,333881.0,98053.0,235828.0,346322.0,189496.0,177242.0,126282.0,41504.0,66643.0,18135.0,50960.0,12254.0,4422.0,63074.0,46517.0,16557.0,58652.0,43376.0,15276.0,263691.0,133264.0,99456.0,33808.0,130427.0
1971-06-30,1159355.0,694251.0,339822.0,100989.0,238833.0,354429.0,197330.0,186455.0,129481.0,42335.0,68689.0,18457.0,56974.0,10875.0,-192.0,63103.0,46369.0,16734.0,63295.0,47440.0,15855.0,267966.0,134172.0,97828.0,36344.0,133794.0
1971-09-30,1180313.0,706654.0,343865.0,103442.0,240423.0,362789.0,202055.0,191867.0,131187.0,43118.0,69259.0,18810.0,60680.0,10188.0,-89.0,65393.0,49021.0,16372.0,65482.0,49640.0,15842.0,271693.0,135540.0,97436.0,38104.0,136153.0
1971-12-31,1193585.0,722854.0,350898.0,107303.0,243595.0,371956.0,198414.0,198709.0,134714.0,43758.0,71641.0,19315.0,63995.0,-295.0,-1657.0,60282.0,42877.0,17405.0,61939.0,45744.0,16195.0,273974.0,134660.0,97244.0,37416.0,139314.0
1972-03-31,1233807.0,740119.0,357742.0,110704.0,247038.0,382377.0,212966.0,209739.0,140584.0,45781.0,74881.0,19922.0,69155.0,3227.0,-3534.0,68639.0,50440.0,18199.0,72173.0,55092.0,17081.0,284256.0,141360.0,101392.0,39968.0,142896.0
1972-06-30,1270122.0,758615.0,368369.0,114065.0,254304.0,390246.0,226799.0,214801.0,143977.0,46607.0,76945.0,20425.0,70824.0,11998.0,-4257.0,67152.0,49696.0,17456.0,71409.0,54092.0,17317.0,288965.0,144584.0,103696.0,40888.0,144381.0
1972-09-30,1293837.0,777120.0,377676.0,117591.0,260085.0,399444.0,233090.0,219375.0,147015.0,47314.0,78938.0,20763.0,72360.0,13715.0,-2638.0,71453.0,52520.0,18933.0,74091.0,57288.0,16803.0,286265.0,138480.0,97444.0,41036.0,147785.0
1972-12-31,1332023.0,801878.0,391474.0,123418.0,268056.0,410404.0,239713.0,232222.0,154966.0,48990.0,84780.0,21196.0,77256.0,7491.0,-3061.0,76129.0,57688.0,18441.0,79190.0,61264.0,17926.0,293493.0,141660.0,100020.0,41640.0,151833.0
1973-03-31,1380680.0,826451.0,407267.0,131813.0,275454.0,419184.0,254314.0,243764.0,162839.0,51327.0,89808.0,21704.0,80925.0,10550.0,-1401.0,83959.0,65224.0,18735.0,85360.0,66460.0,18900.0,301316.0,145884.0,103012.0,42872.0,155432.0
1973-06-30,1417595.0,842043.0,412682.0,131296.0,281386.0,429361.0,268198.0,249992.0,171284.0,54060.0,94897.0,22327.0,78708.0,18206.0,2454.0,91923.0,72560.0,19363.0,89469.0,70040.0,19429.0,304900.0,146488.0,103352.0,43136.0,158412.0
1973-09-30,1436813.0,860476.0,420716.0,130799.0,289917.0,439760.0,264337.0,254576.0,176645.0,56831.0,96850.0,22964.0,77931.0,9761.0,6438.0,97576.0,77236.0,20340.0,91138.0,72100.0,19038.0,305562.0,143404.0,99648.0,43756.0,162158.0
1973-12-31,1479069.0,875580.0,425878.0,128203.0,297675.0,449702.0,280857.0,255864.0,180142.0,57714.0,98693.0,23735.0,75722.0,24993.0,8951.0,107620.0,88064.0,19556.0,98669.0,78772.0,19897.0,313681.0,146484.0,102152.0,44332.0,167197.0
1974-03-31,1494654.0,893757.0,435503.0,126650.0,308853.0,458254.0,268363.0,255844.0,183406.0,58984.0,100033.0,24389.0,72438.0,12519.0,6395.0,116709.0,95116.0,21593.0,110314.0,88832.0,21482.0,326139.0,151872.0,105360.0,46512.0,174267.0
1974-06-30,1534220.0,922287.0,448598.0,130582.0,318016.0,473689.0,277393.0,259977.0,188820.0,61333.0,102376.0,25111.0,71157.0,17416.0,-2714.0,126668.0,103536.0,23132.0,129382.0,106388.0,22994.0,337254.0,154736.0,108696.0,46040.0,182518.0
1974-09-30,1563396.0,951062.0,463992.0,136325.0,327667.0,487070.0,271012.0,265434.0,194486.0,61417.0,107086.0,25983.0,70948.0,5578.0,-6972.0,126638.0,103664.0,22974.0,133610.0,110600.0,23010.0,348294.0,159508.0,109444.0,50064.0,188786.0
1974-12-31,1603004.0,960868.0,458056.0,127148.0,330908.0,502812.0,281337.0,260891.0,197567.0,63214.0,107770.0,26583.0,63324.0,20446.0,33.0,136585.0,111660.0,24925.0,136552.0,112260.0,24292.0,360766.0,166396.0,113296.0,53100.0,194370.0
1975-03-31,1619553.0,987077.0,467992.0,131786.0,336206.0,519085.0,244307.0,254335.0,193138.0,61682.0,104513.0,26943.0,61197.0,-10028.0,16481.0,141369.0,114936.0,26433.0,124888.0,100936.0,23952.0,371688.0,167560.0,113896.0,53664.0,204128.0
1975-06-30,1656448.0,1015822.0,481542.0,136693.0,344849.0,534280.0,243281.0,257235.0,193276.0,60409.0,105582.0,27285.0,63959.0,-13954.0,21582.0,136827.0,108464.0,28363.0,115245.0,92264.0,22981.0,375763.0,168976.0,113784.0,55192.0,206787.0
1975-09-30,1713812.0,1049589.0,502751.0,146787.0,355964.0,546838.0,265191.0,266579.0,197807.0,61275.0,108526.0,28006.0,68772.0,-1388.0,12043.0,134098.0,109792.0,24306.0,122055.0,98772.0,23283.0,386989.0,174872.0,118744.0,56128.0,212117.0
1975-12-31,1765867.0,1078524.0,513052.0,153393.0,359659.0,565472.0,276235.0,275887.0,202882.0,62034.0,111839.0,29009.0,73005.0,348.0,13801.0,142531.0,116768.0,25763.0,128730.0,104028.0,24702.0,397307.0,179680.0,121460.0,58220.0,217627.0
1976-03-31,1824509.0,1112300.0,530733.0,163297.0,367436.0,581567.0,304640.0,289947.0,209506.0,64099.0,115026.0,30381.0,80441.0,14693.0,4650.0,143588.0,117016.0,26572.0,138938.0,113540.0,25398.0,402919.0,180472.0,121544.0,58928.0,222447.0
1976-06-30,1856944.0,1131964.0,538969.0,165898.0,373071.0,592995.0,322304.0,299856.0,215010.0,65057.0,118315.0,31638.0,84846.0,22448.0,-495.0,146621.0,119084.0,27537.0,147116.0,121324.0,25792.0,403171.0,181956.0,122764.0,59192.0,221215.0
1976-09-30,1890500.0,1161344.0,550451.0,169845.0,380606.0,610893.0,328309.0,307502.0,222628.0,66683.0,123099.0,32846.0,84874.0,20807.0,-4073.0,151775.0,122700.0,29075.0,155848.0,128920.0,26928.0,404920.0,183580.0,123864.0,59716.0,221340.0
1976-12-31,1938413.0,1195080.0,565061.0,175455.0,389606.0,630019.0,337649.0,327131.0,230243.0,67821.0,128525.0,33897.0,96888.0,10518.0,-6603.0,156076.0,127136.0,28940.0,162679.0,134744.0,27935.0,412287.0,189004.0,126972.0,62032.0,223283.0
1977-03-31,1992534.0,1230568.0,580396.0,183930.0,396466.0,650172.0,360312.0,345490.0,243276.0,69732.0,139000.0,34544.0,102214.0,14822.0,-21079.0,155354.0,126324.0,29030.0,176433.0,147624.0,28809.0,422733.0,192944.0,129936.0,63008.0,229789.0
1977-06-30,2060165.0,1258543.0,592927.0,189223.0,403704.0,665616.0,389703.0,370234.0,253749.0,73631.0,144640.0,35478.0,116485.0,19469.0,-21135.0,161906.0,131340.0,30566.0,183041.0,153150.0,29891.0,433054.0,197732.0,132928.0,64804.0,235322.0
1977-09-30,2122387.0,1289707.0,603898.0,193990.0,409908.0,685809.0,414134.0,383250.0,263267.0,76409.0,150611.0,36247.0,119983.0,30884.0,-20578.0,162325.0,130636.0,31689.0,182903.0,153170.0,29733.0,439124.0,199980.0,133656.0,66324.0,239144.0
1977-12-31,2168716.0,1327873.0,624307.0,200704.0,423603.0,703566.0,422301.0,398180.0,275944.0,78540.0,160407.0,36997.0,122236.0,24121.0,-29584.0,157809.0,125340.0,32469.0,187393.0,156572.0,30821.0,448126.0,204524.0,134860.0,69664.0,243602.0
1978-03-31,2208688.0,1357760.0,629245.0,198170.0,431075.0,728515.0,434794.0,409341.0,282420.0,80018.0,164610.0,37792.0,126921.0,25453.0,-38683.0,164599.0,129843.0,34756.0,203282.0,170334.0,32948.0,454817.0,207728.0,137364.0,70364.0,247089.0
1978-06-30,2336563.0,1415292.0,661000.0,216187.0,444813.0,754292.0,470583.0,446326.0,309349.0,90259.0,179682.0,39408.0,136977.0,24257.0,-22624.0,186216.0,150607.0,35609.0,208840.0,175133.0,33707.0,473312.0,214772.0,141936.0,72836.0,258540.0
1978-09-30,2398866.0,1446246.0,672364.0,216742.0,455622.0,773882.0,492365.0,467399.0,325098.0,98559.0,185477.0,41062.0,142301.0,24966.0,-23760.0,191302.0,153627.0,37675.0,215062.0,179406.0,35656.0,484015.0,218576.0,144364.0,74212.0,265439.0
1978-12-31,2482159.0,1485397.0,691665.0,222300.0,469365.0,793732.0,515758.0,487271.0,341431.0,105498.0,192767.0,43166.0,145840.0,28487.0,-16401.0,205415.0,165550.0,39865.0,221816.0,184766.0,37050.0,497405.0,225752.0,148428.0,77324.0,271653.0
1979-03-31,2531555.0,1520983.0,707868.0,223277.0,484591.0,813115.0,525811.0,501959.0,356698.0,107879.0,203431.0,45388.0,145261.0,23852.0,-18158.0,211669.0,170867.0,40802.0,229827.0,192181.0,37646.0,502919.0,229132.0,151052.0,78080.0,273787.0
1979-06-30,2595909.0,1561548.0,722167.0,222101.0,500066.0,839381.0,539294.0,511893.0,364269.0,112844.0,204186.0,47239.0,147624.0,27401.0,-22191.0,220906.0,178907.0,41999.0,243097.0,204075.0,39022.0,517258.0,234896.0,155960.0,78936.0,282362.0
1979-09-30,2670388.0,1615985.0,753280.0,230932.0,522348.0,862705.0,545625.0,533494.0,383006.0,121814.0,212115.0,49077.0,150488.0,12131.0,-23029.0,234278.0,191254.0,43024.0,257307.0,216775.0,40532.0,531807.0,238824.0,158444.0,80380.0,292983.0
1979-12-31,2730705.0,1659463.0,768437.0,229049.0,539388.0,891026.0,547879.0,539326.0,391335.0,128268.0,212492.0,50575.0,147991.0,8553.0,-26801.0,253665.0,208037.0,45628.0,280466.0,238116.0,42350.0,550164.0,248080.0,165684.0,82396.0,302084.0
1980-03-31,2796523.0,1706520.0,792001.0,232055.0,559946.0,914519.0,554562.0,544663.0,404492.0,132557.0,219621.0,52314.0,140171.0,9899.0,-35804.0,268508.0,221979.0,46529.0,304312.0,259655.0,44657.0,571245.0,259656.0,173280.0,86376.0,311589.0
1980-06-30,2799938.0,1708916.0,777829.0,211916.0,565913.0,931087.0,519290.0,511540.0,394676.0,132299.0,209102.0,53275.0,116864.0,7750.0,-15209.0,277389.0,227700.0,49689.0,292598.0,248467.0,44131.0,586941.0,271028.0,177612.0,93416.0,315913.0
1980-09-30,2860044.0,1767679.0,801864.0,225364.0,576500.0,965815.0,495073.0,528928.0,405718.0,135769.0,215242.0,54707.0,123210.0,-33855.0,5472.0,284673.0,232517.0,52156.0,279201.0,234146.0,45055.0,591820.0,271980.0,180332.0,91648.0,319840.0
1980-12-31,2993525.0,1835354.0,827481.0,236230.0,591251.0,1007873.0,551474.0,560592.0,422757.0,144056.0,221582.0,57119.0,137835.0,-9118.0,-6683.0,292517.0,239515.0,53002.0,299200.0,252012.0,47188.0,613380.0,286792.0,192628.0,94164.0,326588.0
1981-03-31,3131799.0,1890711.0,860091.0,246046.0,614045.0,1030620.0,619383.0,580628.0,443027.0,150017.0,231960.0,61050.0,137601.0,38755.0,-14256.0,305468.0,247245.0,58223.0,319724.0,270185.0,49539.0,635961.0,296516.0,198912.0,97604.0,339445.0
1981-06-30,3167251.0,1921924.0,863785.0,240936.0,622849.0,1058139.0,609839.0,598126.0,462861.0,161010.0,238318.0,63533.0,135265.0,11713.0,-13509.0,308454.0,248749.0,59705.0,321963.0,271773.0,50190.0,648997.0,309392.0,208072.0,101320.0,339605.0
1981-09-30,3261203.0,1961244.0,881052.0,251926.0,629126.0,1080192.0,652296.0,608336.0,482108.0,169743.0,246606.0,65759.0,126228.0,43960.0,-7560.0,302337.0,241700.0,60637.0,309897.0,260492.0,49405.0,655223.0,312536.0,212148.0,100388.0,342687.0
1981-12-31,3283536.0,1976139.0,872542.0,236842.0,635700.0,1103597.0,643395.0,618588.0,503754.0,188485.0,246525.0,68744.0,114834.0,24807.0,-14753.0,304694.0,243129.0,61565.0,319447.0,268806.0,50641.0,678755.0,328472.0,225612.0,102860.0,350283.0
1982-03-31,3273809.0,2014394.0,886290.0,246437.0,639853.0,1128104.0,588317.0,609783.0,500082.0,186622.0,242825.0,70635.0,109701.0,-21466.0,-16275.0,293202.0,232306.0,60896.0,309477.0,257623.0,51854.0,687373.0,332500.0,230120.0,102380.0,354873.0
1982-06-30,3331281.0,2041093.0,887949.0,249227.0,638722.0,1153144.0,593622.0,597788.0,490070.0,182450.0,235435.0,72185.0,107718.0,-4166.0,-4387.0,294728.0,233876.0,60852.0,299115.0,245844.0,53271.0,700953.0,339468.0,239324.0,100144.0,361485.0
1982-09-30,3367072.0,2089226.0,901827.0,252108.0,649719.0,1187399.0,592959.0,587161.0,478728.0,172926.0,232297.0,73505.0,108433.0,5798.0,-29648.0,279634.0,218518.0,61116.0,309282.0,257204.0,52078.0,714535.0,347632.0,245784.0,101848.0,366903.0
1982-12-31,3407810.0,2150927.0,921095.0,264356.0,656739.0,1229832.0,549246.0,589066.0,471526.0,168257.0,228891.0,74378.0,117540.0,-39820.0,-29585.0,265275.0,205501.0,59774.0,294860.0,241495.0,53365.0,737222.0,362856.0,255908.0,106948.0,374366.0
1983-03-31,3480321.0,2190562.0,925912.0,268909.0,657003.0,1264650.0,565519.0,600579.0,462105.0,158581.0,227091.0,76433.0,138474.0,-35060.0,-24549.0,270701.0,209692.0,61009.0,295250.0,242508.0,52742.0,748789.0,370096.0,259304.0,110792.0,378693.0
1983-06-30,3583844.0,2254512.0,962633.0,289584.0,673049.0,1291879.0,613777.0,621449.0,466449.0,149502.0,237585.0,79362.0,155000.0,-7672.0,-45435.0,272515.0,209101.0,63414.0,317950.0,262761.0,55189.0,760990.0,378824.0,267140.0,111684.0,382166.0
1983-09-30,3692257.0,2324306.0,990799.0,302363.0,688436.0,1333507.0,652267.0,656471.0,485370.0,152648.0,249810.0,82912.0,171101.0,-4204.0,-65200.0,278181.0,214318.0,63863.0,343381.0,285851.0,57530.0,780884.0,391728.0,271740.0,119988.0,389156.0
1983-12-31,3796121.0,2376696.0,1015791.0,319270.0,696521.0,1360905.0,718497.0,694565.0,514688.0,156644.0,271388.0,86656.0,179877.0,23932.0,-71383.0,286588.0,223084.0,63504.0,357971.0,299589.0,58382.0,772311.0,380116.0,279200.0,100916.0,392195.0
1984-03-31,3912774.0,2422755.0,1037897.0,331440.0,706457.0,1384858.0,790872.0,717890.0,531465.0,165735.0,275598.0,90132.0,186425.0,72982.0,-95005.0,292973.0,224343.0,68630.0,387978.0,322454.0,65524.0,794152.0,391104.0,286172.0,104932.0,403048.0
1984-06-30,4015000.0,2481222.0,1063642.0,341270.0,722372.0,1417580.0,818897.0,749576.0,558277.0,175807.0,288951.0,93519.0,191299.0,69321.0,-104298.0,302201.0,229958.0,72243.0,406499.0,337923.0,68576.0,819179.0,406932.0,292636.0,114296.0,412247.0
1984-09-30,4087378.0,2519712.0,1066643.0,342075.0,724568.0,1453069.0,838850.0,767512.0,576640.0,182528.0,297338.0,96774.0,190872.0,71338.0,-103845.0,305745.0,234401.0,71344.0,409590.0,339856.0,69734.0,832661.0,409456.0,294008.0,115448.0,423205.0
1984-12-31,4147606.0,2568936.0,1086621.0,353839.0,732782.0,1482315.0,831742.0,783763.0,590903.0,185519.0,305614.0,99770.0,192860.0,47979.0,-107756.0,308605.0,236443.0,72162.0,416361.0,345030.0,71331.0,854684.0,422988.0,305824.0,117164.0,431696.0
1985-03-31,4237010.0,2643896.0,1110395.0,368010.0,742385.0,1533501.0,809868.0,793638.0,599419.0,194875.0,302612.0,101932.0,194219.0,16230.0,-91300.0,306008.0,232102.0,73906.0,397308.0,325388.0,71920.0,874546.0,432208.0,310912.0,121296.0,442338.0
1985-06-30,4302297.0,2691201.0,1126011.0,373251.0,752760.0,1565190.0,827040.0,805394.0,609088.0,195236.0,309543.0,104309.0,196306.0,21646.0,-114445.0,304126.0,228745.0,75381.0,418571.0,344425.0,74146.0,898501.0,443816.0,320452.0,123364.0,454685.0
1985-09-30,4394563.0,2764744.0,1156935.0,396451.0,760484.0,1607809.0,822153.0,805850.0,604428.0,192210.0,306093.0,106125.0,201422.0,16303.0,-116894.0,297273.0,222171.0,75102.0,414167.0,340520.0,73647.0,924560.0,458680.0,333820.0,124860.0,465880.0
1985-12-31,4453105.0,2790877.0,1157099.0,383753.0,773346.0,1633778.0,859549.0,826430.0,618071.0,195751.0,313379.0,108941.0,208359.0,33119.0,-133434.0,305434.0,226936.0,78498.0,438868.0,362845.0,76023.0,936113.0,462400.0,338656.0,123744.0,473713.0
1986-03-31,4516344.0,2834731.0,1170880.0,391628.0,779252.0,1663851.0,863454.0,833057.0,613523.0,191672.0,310777.0,111074.0,219534.0,30397.0,-126013.0,313405.0,224488.0,88917.0,439418.0,357705.0,81713.0,944172.0,459744.0,335108.0,124636.0,484428.0
1986-06-30,4555245.0,2863039.0,1174747.0,407293.0,767454.0,1688292.0,855234.0,839571.0,605013.0,174504.0,317524.0,112985.0,234558.0,15663.0,-128871.0,315119.0,227868.0,87251.0,443990.0,365100.0,78890.0,965843.0,474516.0,347768.0,126748.0,491327.0
1986-09-30,4619627.0,2929733.0,1216749.0,445708.0,771041.0,1712984.0,835830.0,842849.0,601962.0,169021.0,318616.0,114325.0,240887.0,-7019.0,-138958.0,320476.0,229819.0,90657.0,459434.0,374759.0,84675.0,993022.0,492852.0,362016.0,130836.0,500170.0
1986-12-31,4669396.0,2966130.0,1220140.0,441133.0,779007.0,1745990.0,842063.0,854822.0,610554.0,170911.0,323862.0,115781.0,244268.0,-12759.0,-133626.0,335000.0,243612.0,91388.0,468626.0,382460.0,86166.0,994829.0,486396.0,351860.0,134536.0,508433.0
1987-03-31,4736231.0,2998253.0,1215880.0,418497.0,797383.0,1782373.0,871198.0,843225.0,596554.0,166921.0,312608.0,117025.0,246671.0,27973.0,-141236.0,336450.0,242984.0,93466.0,477686.0,389537.0,88149.0,1008016.0,489604.0,358712.0,130892.0,518412.0
1987-06-30,4821459.0,3068803.0,1251383.0,439101.0,812282.0,1817420.0,874587.0,858063.0,608370.0,169576.0,320184.0,118610.0,249693.0,16524.0,-146978.0,355360.0,258805.0,96555.0,502338.0,409063.0,93275.0,1025047.0,499188.0,369264.0,129924.0,525859.0
1987-09-30,4900509.0,3133528.0,1281198.0,460541.0,820657.0,1852330.0,876468.0,875451.0,625481.0,177585.0,327084.0,120812.0,249970.0,1017.0,-145463.0,371855.0,272080.0,99775.0,517318.0,422798.0,94520.0,1035976.0,502236.0,376088.0,126148.0,533740.0
1987-12-31,5022670.0,3167620.0,1276730.0,449949.0,826781.0,1890890.0,946454.0,883372.0,630547.0,182728.0,323803.0,124016.0,252825.0,63082.0,-145406.0,392107.0,288348.0,103759.0,537513.0,437679.0,99834.0,1054002.0,509848.0,375708.0,134140.0,544154.0
1988-03-31,5090615.0,3248998.0,1308828.0,470441.0,838387.0,1940170.0,908571.0,891615.0,641500.0,178614.0,335612.0,127274.0,250115.0,16956.0,-123985.0,418728.0,311241.0,107487.0,542713.0,441486.0,101227.0,1057031.0,504024.0,376276.0,127748.0,553007.0
1988-06-30,5207707.0,3308970.0,1326763.0,473223.0,853540.0,1982207.0,934526.0,914878.0,659367.0,184151.0,344833.0,130383.0,255511.0,19648.0,-106626.0,439472.0,328499.0,110973.0,546098.0,445679.0,100419.0,1070837.0,505444.0,378492.0,126952.0,565393.0
1988-09-30,5299486.0,3378332.0,1341167.0,470389.0,870778.0,2037165.0,942003.0,923822.0,666326.0,183452.0,349142.0,133732.0,257496.0,18181.0,-99263.0,453586.0,338687.0,114899.0,552849.0,451121.0,101728.0,1078414.0,505792.0,377568.0,128224.0,572622.0
1988-12-31,5412713.0,3451266.0,1372484.0,486162.0,886322.0,2078782.0,962751.0,943607.0,681926.0,184943.0,357678.0,139305.0,261681.0,19144.0,-107695.0,466619.0,349792.0,116827.0,574314.0,470214.0,104100.0,1106391.0,520016.0,386120.0,133896.0,586375.0
1989-03-31,5527352.0,3506077.0,1388977.0,486449.0,902528.0,2117100.0,1005364.0,957227.0,696343.0,189505.0,363359.0,143479.0,260884.0,48137.0,-100965.0,485189.0,360484.0,124705.0,586154.0,481986.0,104168.0,1116876.0,517544.0,379204.0,138340.0,599332.0
1989-06-30,5628429.0,3569519.0,1421091.0,493343.0,927748.0,2148428.0,1000990.0,964733.0,708941.0,189565.0,371633.0,147743.0,255792.0,36257.0,-88160.0,507229.0,379590.0,127639.0,595389.0,490713.0,104676.0,1146080.0,531820.0,389452.0,142368.0,614260.0
1989-09-30,5711556.0,3625560.0,1441929.0,505640.0,936289.0,2183631.0,996504.0,986678.0,731180.0,197739.0,381049.0,152392.0,255498.0,9826.0,-75075.0,509352.0,379039.0,130313.0,584427.0,477447.0,106980.0,1164567.0,538488.0,394752.0,143736.0,626079.0
1989-12-31,5763444.0,3670109.0,1443225.0,491885.0,951340.0,2226884.0,995948.0,979395.0,727512.0,198056.0,372601.0,156855.0,251883.0,16553.0,-82765.0,515387.0,379887.0,135500.0,598152.0,489020.0,109132.0,1180152.0,537668.0,391148.0,146520.0,642484.0
1990-03-31,5890835.0,3754497.0,1489564.0,515394.0,974170.0,2264933.0,1010840.0,996886.0,740882.0,204137.0,376407.0,160338.0,256004.0,13954.0,-88532.0,538235.0,396228.0,142007.0,626767.0,510376.0,116391.0,1214030.0,552620.0,399848.0,152772.0,661410.0
1990-06-30,5974665.0,3800161.0,1479261.0,498408.0,980853.0,2320900.0,1014752.0,981052.0,734157.0,204572.0,365729.0,163856.0,246895.0,33700.0,-68833.0,545926.0,400633.0,145293.0,614759.0,495803.0,118956.0,1228585.0,559508.0,402504.0,157004.0,669077.0
1990-09-30,6029504.0,3863399.0,1496676.0,493569.0,1003107.0,2366723.0,1000658.0,978792.0,744285.0,205516.0,373622.0,165147.0,234507.0,21866.0,-74953.0,555149.0,406337.0,148812.0,630102.0,506283.0,123819.0,1240400.0,557992.0,398544.0,159448.0,682408.0
1990-12-31,6023332.0,3884449.0,1499702.0,480946.0,1018756.0,2384747.0,947550.0,958885.0,737616.0,197443.0,371807.0,168366.0,221269.0,-11335.0,-79096.0,568186.0,409862.0,158324.0,647282.0,519820.0,127462.0,1270429.0,569956.0,410140.0,159816.0,700473.0
1991-03-31,6054867.0,3890218.0,1485838.0,471690.0,1014148.0,2404380.0,924608.0,940128.0,729839.0,194901.0,361307.0,173631.0,210289.0,-15520.0,-47140.0,573177.0,420656.0,152521.0,620317.0,496967.0,123350.0,1287181.0,582864.0,417276.0,165588.0,704317.0
1991-06-30,6143612.0,3943691.0,1497013.0,475248.0,1021765.0,2446678.0,926552.0,944585.0,726797.0,189888.0,358160.0,178749.0,217788.0,-18033.0,-23188.0,590733.0,427097.0,163636.0,613921.0,491023.0,122898.0,1296557.0,585504.0,417532.0,167972.0,711053.0
1991-09-30,6218425.0,3989638.0,1508728.0,484335.0,1024393.0,2480910.0,947472.0,946629.0,720146.0,177485.0,362570.0,180091.0,226483.0,843.0,-21073.0,600596.0,431630.0,168966.0,621669.0,500436.0,121233.0,1302388.0,580912.0,411948.0,168964.0,721476.0
1991-12-31,6279296.0,4017069.0,1498153.0,477454.0,1020699.0,2518916.0,978757.0,947624.0,717569.0,172151.0,361361.0,184057.0,230055.0,31133.0,-23054.0,615216.0,441158.0,174058.0,638270.0,514455.0,123815.0,1306524.0,573672.0,401052.0,172620.0,732852.0
1992-03-31,6380798.0,4117664.0,1533847.0,496179.0,1037668.0,2583817.0,956774.0,956528.0,714166.0,169931.0,360058.0,184177.0,242362.0,246.0,-20540.0,625283.0,449682.0,175601.0,645823.0,523470.0,122353.0,1326900.0,578612.0,400204.0,178408.0,748288.0
1992-06-30,6492299.0,4173359.0,1548207.0,500989.0,1047218.0,2625152.0,1013062.0,989853.0,736695.0,170640.0,379543.0,186512.0,253158.0,23209.0,-32788.0,626163.0,448789.0,177374.0,658951.0,537882.0,121069.0,1338666.0,582184.0,402836.0,179348.0,756482.0
1992-09-30,6586548.0,4245410.0,1573142.0,512092.0,1061050.0,2672268.0,1024205.0,1003693.0,748579.0,173047.0,387626.0,187906.0,255114.0,20512.0,-38488.0,639365.0,460554.0,178811.0,677853.0,553860.0,123993.0,1355421.0,592668.0,411144.0,181524.0,762753.0
1992-12-31,6697553.0,4326188.0,1597875.0,523065.0,1074810.0,2728313.0,1058008.0,1036664.0,768333.0,176671.0,399564.0,192098.0,268331.0,21344.0,-47139.0,641397.0,462207.0,179190.0,688536.0,564495.0,124041.0,1360496.0,592956.0,404688.0,188268.0,767540.0
1993-03-31,6748182.0,4368484.0,1606982.0,527853.0,1079129.0,2761502.0,1083901.0,1047961.0,776560.0,175587.0,406612.0,194361.0,271401.0,35940.0,-55707.0,643603.0,460366.0,183237.0,699310.0,575865.0,123445.0,1351504.0,577048.0,389648.0,187400.0,774456.0
1993-06-30,6829594.0,4437456.0,1634170.0,547844.0,1086326.0,2803286.0,1094466.0,1070362.0,792357.0,174132.0,421532.0,196693.0,278005.0,24104.0,-63187.0,653094.0,466912.0,186182.0,716281.0,590145.0,126136.0,1360859.0,575564.0,388392.0,187172.0,785295.0
1993-09-30,6904222.0,4506030.0,1649165.0,556638.0,1092527.0,2856865.0,1095941.0,1089343.0,798404.0,175971.0,424980.0,197453.0,290939.0,6598.0,-68354.0,650897.0,462555.0,188342.0,719251.0,592109.0,127142.0,1370605.0,578932.0,390040.0,188892.0,791673.0
1993-12-31,7032844.0,4572021.0,1679070.0,573796.0,1105274.0,2892951.0,1152995.0,1136383.0,829495.0,182914.0,447438.0,199143.0,306888.0,16612.0,-73449.0,671600.0,481060.0,190540.0,745049.0,612924.0,132125.0,1381277.0,581988.0,392188.0,189800.0,799289.0
1994-03-31,7136259.0,4640857.0,1705669.0,588823.0,1116846.0,2935188.0,1202059.0,1156697.0,841100.0,178514.0,461783.0,200803.0,315597.0,45362.0,-80596.0,681231.0,484124.0,197107.0,761827.0,627223.0,134604.0,1373939.0,564420.0,373284.0,191136.0,809519.0
1994-06-30,7269847.0,4702884.0,1726816.0,598720.0,1128096.0,2976068.0,1265089.0,1183678.0,855749.0,187092.0,465422.0,203235.0,327929.0,81411.0,-90572.0,706988.0,505253.0,201735.0,797560.0,662022.0,135538.0,1392446.0,569032.0,379200.0,189832.0,823414.0
1994-09-30,7352255.0,4773113.0,1758889.0,609310.0,1149579.0,3014224.0,1251594.0,1198371.0,871944.0,188085.0,476463.0,207396.0,326427.0,53223.0,-96868.0,736883.0,533801.0,203082.0,833751.0,695660.0,138091.0,1424416.0,583956.0,392532.0,191424.0,840460.0
1994-12-31,7476661.0,4847226.0,1794840.0,631828.0,1163012.0,3052386.0,1307188.0,1232046.0,906611.0,193380.0,501851.0,211380.0,325435.0,75142.0,-101910.0,758649.0,550305.0,208344.0,860559.0,722344.0,138215.0,1424157.0,573352.0,376248.0,197104.0,850805.0
1995-03-31,7545296.0,4883349.0,1788104.0,621251.0,1166853.0,3095245.0,1327265.0,1266086.0,944300.0,201169.0,525294.0,217837.0,321786.0,61179.0,-105326.0,781573.0,571566.0,210007.0,886899.0,745464.0,141435.0,1440008.0,577568.0,377624.0,199944.0,862440.0
1995-06-30,7604923.0,4954959.0,1803898.0,626914.0,1176984.0,3151061.0,1303825.0,1270066.0,956615.0,207376.0,525398.0,223841.0,313451.0,33759.0,-109492.0,798851.0,583183.0,215668.0,908343.0,764255.0,144088.0,1455631.0,579708.0,380596.0,199112.0,875923.0
1995-09-30,7706531.0,5020462.0,1826231.0,642542.0,1183689.0,3194231.0,1303220.0,1291894.0,965501.0,210305.0,524840.0,230356.0,326393.0,11326.0,-74444.0,831399.0,605751.0,225648.0,905843.0,759719.0,146124.0,1457293.0,576912.0,376468.0,200444.0,880381.0
1995-12-31,7799493.0,5077937.0,1843894.0,652243.0,1191651.0,3234043.0,1335619.0,1317188.0,982542.0,210232.0,536979.0,235331.0,334646.0,18431.0,-69779.0,839422.0,609266.0,230156.0,909201.0,760356.0,148845.0,1455716.0,567252.0,369508.0,197744.0,888464.0
1996-03-31,7893146.0,5153790.0,1870998.0,659826.0,1211172.0,3282792.0,1355230.0,1348349.0,1003624.0,214308.0,546017.0,243299.0,344725.0,6881.0,-88795.0,847940.0,617146.0,230794.0,936735.0,784526.0,152209.0,1472921.0,577156.0,375300.0,201856.0,895765.0
1996-06-30,8061535.0,5244132.0,1915873.0,676331.0,1239542.0,3328259.0,1418560.0,1388039.0,1026640.0,219793.0,556858.0,249989.0,361399.0,30521.0,-93705.0,859046.0,621187.0,237859.0,952751.0,798397.0,154354.0,1492548.0,582516.0,380916.0,201600.0,910032.0
1996-09-30,8159043.0,5298287.0,1925887.0,679383.0,1246504.0,3372400.0,1474446.0,1423376.0,1059061.0,225302.0,577000.0,256759.0,364315.0,51070.0,-114180.0,859577.0,626468.0,233109.0,973757.0,814409.0,159348.0,1500490.0,576904.0,376032.0,200872.0,923586.0
1996-12-31,8287078.0,5376067.0,1957926.0,689641.0,1268285.0,3418141.0,1479995.0,1445270.0,1083463.0,238928.0,581359.0,263176.0,361807.0,34725.0,-88823.0,903797.0,650337.0,253460.0,992620.0,832459.0,160161.0,1519839.0,576264.0,373944.0,202320.0,943575.0
1997-03-31,8402060.0,5456730.0,1986695.0,705590.0,1281105.0,3470035.0,1521951.0,1472193.0,1106833.0,242659.0,587506.0,276668.0,365360.0,49758.0,-108839.0,918374.0,668863.0,249511.0,1027213.0,861459.0,165754.0,1532218.0,572080.0,363768.0,208312.0,960138.0
1997-06-30,8551940.0,5495080.0,1974527.0,696587.0,1277940.0,3520553.0,1589852.0,1501464.0,1129187.0,242624.0,602318.0,284245.0,372277.0,88388.0,-85201.0,954450.0,700974.0,253476.0,1039651.0,871959.0,167692.0,1552209.0,585688.0,374392.0,211296.0,966521.0
1997-09-30,8691756.0,5603459.0,2020469.0,722779.0,1297690.0,3582990.0,1625338.0,1557390.0,1178438.0,255655.0,630464.0,292319.0,378952.0,67948.0,-96831.0,974057.0,717535.0,256522.0,1070888.0,898369.0,172519.0,1559790.0,585364.0,372076.0,213288.0,974426.0
1997-12-31,8788320.0,5687614.0,2045370.0,737162.0,1308208.0,3642244.0,1645296.0,1567632.0,1181879.0,260124.0,623149.0,298606.0,385753.0,77664.0,-117010.0,968334.0,712176.0,256158.0,1085344.0,910830.0,174514.0,1572420.0,586472.0,375500.0,210972.0,985948.0
1998-03-31,8889732.0,5745924.0,2044769.0,737701.0,1307068.0,3701155.0,1712314.0,1607214.0,1212368.0,261352.0,645754.0,305262.0,394846.0,105100.0,-135215.0,963021.0,708166.0,254855.0,1098236.0,920800.0,177436.0,1566709.0,571452.0,355484.0,215968.0,995257.0
1998-06-30,8994738.0,5857832.0,2089508.0,769239.0,1320269.0,3768324.0,1694789.0,1657449.0,1246118.0,278171.0,655875.0,312072.0,411331.0,37340.0,-162327.0,947295.0,683706.0,263589.0,1109622.0,926876.0,182746.0,1604444.0,586624.0,368688.0,217936.0,1017820.0
1998-09-30,9146521.0,5952816.0,2120129.0,785044.0,1335085.0,3832687.0,1739786.0,1687367.0,1259816.0,279757.0,658429.0,321630.0,427551.0,52419.0,-174638.0,935263.0,676575.0,258688.0,1109901.0,922498.0,187403.0,1628557.0,584728.0,373792.0,210936.0,1043829.0
1998-12-31,9325650.0,6055545.0,2180462.0,825189.0,1355273.0,3875083.0,1794417.0,1734400.0,1292898.0,281236.0,680000.0,331662.0,441502.0,60017.0,-178660.0,966340.0,701814.0,264526.0,1145000.0,952829.0,192171.0,1654348.0,593580.0,372844.0,220736.0,1060768.0
1999-03-31,9447103.0,6129002.0,2204797.0,819948.0,1384849.0,3924205.0,1850634.0,1767240.0,1319877.0,282509.0,695097.0,342271.0,447363.0,83394.0,-208515.0,961573.0,688061.0,273512.0,1170088.0,978495.0,191593.0,1675982.0,594488.0,370028.0,224460.0,1081494.0
1999-06-30,9557005.0,6252980.0,2272709.0,854806.0,1417903.0,3980271.0,1845773.0,1810661.0,1351390.0,281410.0,712119.0,357861.0,459271.0,35112.0,-245428.0,972753.0,697300.0,275453.0,1218181.0,1024545.0,193636.0,1703680.0,601052.0,375944.0,225108.0,1102628.0
1999-09-30,9712280.0,6357222.0,2310925.0,871191.0,1439734.0,4046297.0,1890917.0,1850400.0,1383775.0,283230.0,728141.0,372404.0,466625.0,40517.0,-276106.0,1002420.0,717130.0,285290.0,1278526.0,1078344.0,200182.0,1740247.0,614604.0,387536.0,227068.0,1125643.0
1999-12-31,9926101.0,6488890.0,2358640.0,876329.0,1482311.0,4130250.0,1949443.0,1865202.0,1391397.0,288629.0,719148.0,383620.0,473805.0,84241.0,-296475.0,1031175.0,744398.0,286777.0,1327650.0,1123452.0,204198.0,1784243.0,631564.0,397356.0,234208.0,1152679.0
2000-03-31,10031031.0,6642744.0,2412722.0,920876.0,1491846.0,4230022.0,1945917.0,1929760.0,1445517.0,298182.0,749400.0,397935.0,484243.0,16157.0,-352760.0,1054005.0,762212.0,291793.0,1406765.0,1194187.0,212578.0,1795130.0,618124.0,380684.0,237440.0,1177006.0
2000-06-30,10278340.0,6737272.0,2436779.0,901930.0,1534849.0,4300493.0,2071760.0,1981317.0,1494704.0,313473.0,773952.0,407279.0,486613.0,90443.0,-359587.0,1092723.0,791320.0,301403.0,1452310.0,1232376.0,219934.0,1828895.0,639328.0,397424.0,241904.0,1189567.0
2000-09-30,10357445.0,6845136.0,2468822.0,911657.0,1557165.0,4376314.0,2055769.0,1998536.0,1515456.0,327900.0,774005.0,413551.0,483080.0,57233.0,-388487.0,1125202.0,822784.0,302418.0,1513689.0,1284123.0,229566.0,1845027.0,636176.0,393484.0,242692.0,1208851.0
2000-12-31,10472285.0,6944405.0,2493089.0,915824.0,1577265.0,4451316.0,2061573.0,2007230.0,1519438.0,333004.0,766993.0,419441.0,487792.0,54343.0,-402351.0,1115402.0,812699.0,302703.0,1517753.0,1295208.0,222545.0,1868658.0,636104.0,395216.0,240888.0,1232554.0
2001-03-31,10508121.0,7020383.0,2498883.0,926811.0,1572072.0,4521500.0,1967535.0,1998166.0,1501459.0,328287.0,751676.0,421496.0,496707.0,-30631.0,-391688.0,1096683.0,799304.0,297379.0,1488371.0,1265200.0,223171.0,1911891.0,652456.0,403416.0,249040.0,1259435.0
2001-06-30,10638384.0,7072101.0,2509685.0,919478.0,1590207.0,4562416.0,1966993.0,1978553.0,1467559.0,335115.0,716017.0,416427.0,510994.0,-11560.0,-359331.0,1054592.0,763955.0,290637.0,1413923.0,1189600.0,224323.0,1958621.0,666368.0,410292.0,256076.0,1292253.0
2001-09-30,10639486.0,7103358.0,2514890.0,923888.0,1591002.0,4588468.0,1937338.0,1967453.0,1445023.0,343228.0,692401.0,409394.0,522430.0,-30115.0,-366666.0,998510.0,717838.0,280672.0,1365176.0,1145838.0,219338.0,1965456.0,674856.0,416528.0,258328.0,1290600.0
2001-12-31,10701317.0,7216591.0,2577490.0,995881.0,1581609.0,4639101.0,1842681.0,1923510.0,1401460.0,312360.0,685974.0,403126.0,522050.0,-80829.0,-357048.0,957053.0,694236.0,262817.0,1314101.0,1106132.0,207969.0,1999093.0,683264.0,420668.0,262596.0,1315829.0
2002-03-31,10834445.0,7251359.0,2559548.0,974943.0,1584605.0,4691811.0,1910026.0,1910240.0,1371907.0,298574.0,671438.0,401895.0,538333.0,-214.0,-375263.0,973326.0,690509.0,282817.0,1348589.0,1123573.0,225016.0,2048323.0,714376.0,438688.0,275688.0,1333947.0
2002-06-30,10934752.0,7344494.0,2587830.0,979662.0,1608168.0,4756664.0,1925596.0,1906476.0,1351630.0,285287.0,660715.0,405628.0,554846.0,19120.0,-415978.0,1007493.0,718302.0,289191.0,1423471.0,1197710.0,225761.0,2080640.0,733060.0,450052.0,283008.0,1347580.0
2002-09-30,11037057.0,7433115.0,2620153.0,1003535.0,1616618.0,4812962.0,1927858.0,1902565.0,1343682.0,274216.0,658879.0,410587.0,558883.0,25293.0,-431634.0,1021602.0,729829.0,291773.0,1453236.0,1225338.0,227898.0,2107718.0,746164.0,459508.0,286656.0,1361554.0
2002-12-31,11103834.0,7507237.0,2626789.0,983333.0,1643456.0,4880448.0,1936499.0,1906696.0,1328379.0,273537.0,647528.0,407314.0,578317.0,29803.0,-482967.0,1007614.0,714006.0,293608.0,1490581.0,1250715.0,239866.0,2143065.0,768816.0,479128.0,289688.0,1374249.0
2003-03-31,11230078.0,7593530.0,2656515.0,974014.0,1682501.0,4937015.0,1960189.0,1929185.0,1327812.0,274815.0,642158.0,410839.0,601373.0,31004.0,-501593.0,1011490.0,722810.0,288680.0,1513083.0,1275085.0,237998.0,2177952.0,789276.0,490184.0,299092.0,1388676.0
2003-06-30,11370653.0,7684580.0,2676312.0,1007844.0,1668468.0,5008268.0,1970549.0,1970937.0,1359064.0,282217.0,660727.0,416120.0,611873.0,-388.0,-501364.0,1012331.0,724613.0,287718.0,1513695.0,1278603.0,235092.0,2216888.0,831412.0,526796.0,304616.0,1385476.0
2003-09-30,11625137.0,7845545.0,2765141.0,1042259.0,1722882.0,5080404.0,2048269.0,2040142.0,1388532.0,283059.0,679616.0,425857.0,651610.0,8127.0,-499917.0,1042523.0,739626.0,302897.0,1542440.0,1288030.0,254410.0,2231240.0,830484.0,522704.0,307780.0,1400756.0
2003-12-31,11816827.0,7938463.0,2788257.0,1045995.0,1742262.0,5150206.0,2132792.0,2094391.0,1411470.0,287228.0,693383.0,430859.0,682921.0,38401.0,-511744.0,1094772.0,778628.0,316144.0,1606516.0,1343051.0,263465.0,2257316.0,848060.0,539852.0,308208.0,1409256.0
2004-03-31,11988403.0,8076797.0,2841494.0,1062284.0,1779210.0,5235303.0,2155154.0,2106284.0,1400250.0,286993.0,680629.0,432628.0,706034.0,48870.0,-546643.0,1141286.0,803238.0,338048.0,1687929.0,1409992.0,277937.0,2303095.0,872540.0,554836.0,317704.0,1430555.0
2004-06-30,12181398.0,8186343.0,2873246.0,1071657.0,1801589.0,5313097.0,2259525.0,2183290.0,1440225.0,295164.0,709615.0,435446.0,743065.0,76235.0,-608021.0,1172310.0,829115.0,343195.0,1780331.0,1493470.0,286861.0,2343551.0,886748.0,564688.0,322060.0,1456803.0
2004-09-30,12367744.0,8312675.0,2910191.0,1084242.0,1825949.0,5402484.0,2311281.0,2248997.0,1485569.0,307920.0,731974.0,445675.0,763428.0,62284.0,-637979.0,1185987.0,840593.0,345394.0,1823966.0,1533097.0,290869.0,2381767.0,906884.0,585576.0,321308.0,1474883.0
2004-12-31,12562163.0,8464252.0,2976084.0,1101102.0,1874982.0,5488168.0,2380750.0,2312701.0,1526546.0,317144.0,754555.0,454847.0,786155.0,68049.0,-684036.0,1226443.0,864586.0,361857.0,1910479.0,1609694.0,300785.0,2401197.0,903344.0,575820.0,327524.0,1497853.0
2005-03-31,12813729.0,8573119.0,3006393.0,1110514.0,1895879.0,5566726.0,2475169.0,2375665.0,1560532.0,330764.0,764954.0,464814.0,815133.0,99504.0,-676782.0,1268200.0,890358.0,377842.0,1944982.0,1641999.0,302983.0,2442223.0,931224.0,596772.0,334452.0,1510999.0
2005-06-30,12974083.0,8723929.0,3057385.0,1140593.0,1916792.0,5666544.0,2469547.0,2438921.0,1595213.0,337887.0,782637.0,474689.0,843708.0,30626.0,-689086.0,1300133.0,924982.0,375151.0,1989219.0,1682209.0,307010.0,2469693.0,938160.0,605028.0,333132.0,1531533.0
2005-09-30,13205445.0,8888051.0,3125445.0,1145409.0,1980036.0,5762606.0,2527238.0,2509298.0,1633757.0,348319.0,805182.0,480256.0,875541.0,17940.0,-731395.0,1310884.0,929006.0,381878.0,2042279.0,1729122.0,313157.0,2521551.0,963112.0,623376.0,339736.0,1558439.0
2005-12-31,13381629.0,8991340.0,3131896.0,1112412.0,2019484.0,5859444.0,2636478.0,2546229.0,1656371.0,365609.0,810005.0,480757.0,889858.0,90249.0,-787480.0,1356376.0,961978.0,394398.0,2143856.0,1824160.0,319696.0,2541291.0,952784.0,607840.0,344944.0,1588507.0
2006-03-31,13648904.0,9134285.0,3191923.0,1153328.0,2038595.0,5942362.0,2699654.0,2625230.0,1729374.0,388992.0,851318.0,489064.0,895856.0,74424.0,-777220.0,1417188.0,1010027.0,407161.0,2194408.0,1855935.0,338473.0,2592185.0,995316.0,633452.0,361864.0,1596869.0
2006-06-30,13799794.0,9253742.0,3222316.0,1147013.0,2075303.0,6031426.0,2696951.0,2619666.0,1760965.0,410820.0,852398.0,497747.0,858701.0,77285.0,-781568.0,1463415.0,1040622.0,422793.0,2244983.0,1900192.0,344791.0,2630669.0,998720.0,641436.0,357284.0,1631949.0
2006-09-30,13908498.0,9374319.0,3267512.0,1157970.0,2109542.0,6106807.0,2684405.0,2607314.0,1793572.0,425856.0,857259.0,510457.0,813742.0,77091.0,-805590.0,1480136.0,1056951.0,423185.0,2285726.0,1941560.0,344166.0,2655364.0,1000388.0,638748.0,361640.0,1654976.0
2006-12-31,14066370.0,9453632.0,3261437.0,1166147.0,2095290.0,6192195.0,2641582.0,2602493.0,1821237.0,436675.0,863558.0,521004.0,781256.0,39089.0,-719401.0,1544523.0,1090674.0,453849.0,2263924.0,1900937.0,362987.0,2690557.0,1013532.0,655924.0,357608.0,1677025.0
2007-03-31,14233226.0,9591854.0,3302105.0,1173351.0,2128754.0,6289749.0,2634210.0,2614049.0,1864717.0,458076.0,876895.0,529746.0,749332.0,20161.0,-728479.0,1580470.0,1111529.0,468941.0,2308949.0,1942452.0,366497.0,2735641.0,1018312.0,654504.0,363808.0,1717329.0
2007-06-30,14422313.0,9700919.0,3351082.0,1184942.0,2166140.0,6349837.0,2671911.0,2624847.0,1907538.0,485284.0,888174.0,534080.0,717309.0,47064.0,-732975.0,1625070.0,1142225.0,482845.0,2358045.0,1981866.0,376179.0,2782458.0,1040768.0,672604.0,368164.0,1741690.0
2007-09-30,14569675.0,9799229.0,3374494.0,1190188.0,2184306.0,6424735.0,2658237.0,2609591.0,1937870.0,512612.0,887615.0,537643.0,671721.0,48646.0,-712113.0,1687522.0,1182860.0,504662.0,2399635.0,2015108.0,384527.0,2824322.0,1063860.0,690680.0,373180.0,1760462.0
2007-12-31,14685330.0,9910027.0,3418618.0,1190051.0,2228567.0,6491409.0,2610614.0,2588679.0,1972326.0,531744.0,890408.0,550174.0,616353.0,21935.0,-700597.0,1765432.0,1229065.0,536367.0,2466029.0,2075651.0,390378.0,2865286.0,1076148.0,697116.0,379032.0,1789138.0
2008-03-31,14668445.0,9974369.0,3406263.0,1152314.0,2253949.0,6568106.0,2527014.0,2547150.0,1981616.0,540221.0,878902.0,562493.0,565534.0,-20136.0,-756759.0,1814612.0,1280442.0,534170.0,2571371.0,2165223.0,406148.0,2923821.0,1110740.0,719744.0,390996.0,1813081.0
2008-06-30,14812974.0,10095765.0,3458756.0,1139845.0,2318911.0,6637009.0,2493261.0,2517180.0,1978748.0,553827.0,856874.0,568047.0,538432.0,-23919.0,-759427.0,1920458.0,1365182.0,555276.0,2679885.0,2264918.0,414967.0,2983375.0,1140468.0,741220.0,399248.0,1842907.0
2008-09-30,14842983.0,10124858.0,3450259.0,1101850.0,2348409.0,6674599.0,2435872.0,2454651.0,1947287.0,559336.0,822430.0,565521.0,507364.0,-18779.0,-773628.0,1923587.0,1375816.0,547771.0,2697215.0,2273738.0,423477.0,3055881.0,1179992.0,776644.0,403348.0,1875889.0
2008-12-31,14549949.0,9859595.0,3187522.0,1015118.0,2172404.0,6672073.0,2243111.0,2308259.0,1856181.0,556167.0,742390.0,557624.0,452078.0,-65148.0,-602442.0,1709112.0,1173774.0,535338.0,2311554.0,1893629.0,417925.0,3049685.0,1191224.0,778900.0,412324.0,1858461.0
2009-03-31,14383885.0,9770222.0,3136958.0,1012020.0,2124938.0,6633264.0,1972146.0,2117767.0,1712304.0,508028.0,658978.0,545298.0,405463.0,-145621.0,-393864.0,1519493.0,1012084.0,507409.0,1913357.0,1524334.0,389023.0,3035381.0,1182236.0,760232.0,422004.0,1853145.0
2009-06-30,14340417.0,9769750.0,3148385.0,1004758.0,2143627.0,6621365.0,1825890.0,2013811.0,1637505.0,455158.0,634376.0,547971.0,376306.0,-187921.0,-341722.0,1522743.0,1010910.0,511833.0,1864465.0,1478731.0,385734.0,3086499.0,1214628.0,785416.0,429212.0,1871871.0
2009-09-30,14384145.0,9890813.0,3244924.0,1045826.0,2199098.0,6645889.0,1786398.0,1992330.0,1600316.0,412726.0,639105.0,548485.0,392014.0,-205932.0,-405562.0,1596440.0,1074200.0,522240.0,2002002.0,1609001.0,393001.0,3112496.0,1233220.0,802808.0,430412.0,1879276.0
2009-12-31,14566511.0,9957093.0,3263510.0,1030669.0,2232841.0,6693583.0,1928031.0,1978836.0,1583648.0,376934.0,644775.0,561939.0,395188.0,-50805.0,-440601.0,1712284.0,1163272.0,549012.0,2152885.0,1749109.0,403776.0,3121988.0,1240656.0,804648.0,436008.0,1881332.0
2010-03-31,14681063.0,10044522.0,3304859.0,1040196.0,2264663.0,6739663.0,1989539.0,1977479.0,1594389.0,352420.0,682731.0,559238.0,383090.0,12060.0,-488704.0,1753227.0,1208680.0,544547.0,2241931.0,1838571.0,403360.0,3135706.0,1269188.0,811924.0,457264.0,1866518.0
2010-06-30,14888600.0,10137651.0,3325626.0,1064689.0,2260937.0,6812025.0,2092716.0,2042601.0,1641797.0,364495.0,719042.0,558260.0,400804.0,50115.0,-523229.0,1814026.0,1256434.0,557592.0,2337255.0,1928650.0,408605.0,3181462.0,1304568.0,829336.0,475232.0,1876894.0
2010-09-30,15057660.0,10233421.0,3362406.0,1075093.0,2287313.0,6871015.0,2164566.0,2043022.0,1677404.0,361101.0,751185.0,565118.0,365618.0,121544.0,-535014.0,1869845.0,1287987.0,581858.0,2404859.0,1984152.0,420707.0,3194687.0,1321636.0,846324.0,475312.0,1873051.0
2010-12-31,15230208.0,10393185.0,3458365.0,1102797.0,2355568.0,6934820.0,2156457.0,2094059.0,1719318.0,370149.0,774370.0,574799.0,374741.0,62398.0,-503682.0,1972239.0,1365267.0,606972.0,2475921.0,2047881.0,428040.0,3184248.0,1320064.0,843480.0,476584.0,1864184.0
2011-03-31,15238371.0,10523541.0,3533972.0,1115282.0,2418690.0,6989569.0,2123458.0,2097185.0,1722363.0,343159.0,798278.0,580926.0,374822.0,26273.0,-562477.0,2033325.0,1415987.0,617338.0,2595802.0,2172471.0,423331.0,3153849.0,1298088.0,823384.0,474704.0,1855761.0
2011-06-30,15460926.0,10651357.0,3587954.0,1112345.0,2475609.0,7063403.0,2212675.0,2149637.0,1768510.0,371317.0,809663.0,587530.0,381127.0,63038.0,-586949.0,2108323.0,1467674.0,640649.0,2695272.0,2251745.0,443527.0,3183843.0,1314856.0,844880.0,469976.0,1868987.0
2011-09-30,15587125.0,10754462.0,3613024.0,1123844.0,2489180.0,7141438.0,2228221.0,2243133.0,1854510.0,397126.0,861675.0,595709.0,388623.0,-14912.0,-572402.0,2142856.0,1487761.0,655095.0,2715258.0,2263593.0,451665.0,3176844.0,1305936.0,851464.0,454472.0,1870908.0
2011-12-31,15785312.0,10827855.0,3650897.0,1149842.0,2501055.0,7176958.0,2395169.0,2302520.0,1902933.0,414975.0,883326.0,604632.0,399587.0,92649.0,-598149.0,2140977.0,1496022.0,644955.0,2739126.0,2291113.0,448013.0,3160437.0,1294924.0,828024.0,466900.0,1865513.0
2012-03-31,15973881.0,10956230.0,3714386.0,1178771.0,2535615.0,7241844.0,2460780.0,2395341.0,1971527.0,439679.0,920438.0,611410.0,423813.0,65439.0,-614716.0,2169572.0,1511186.0,658386.0,2784288.0,2331375.0,452914.0,3171587.0,1300542.0,826410.0,474132.0,1871044.0
2012-06-30,16121851.0,11008347.0,3717199.0,1181585.0,2535614.0,7291148.0,2534772.0,2445519.0,2016163.0,455736.0,940730.0,619696.0,429356.0,89253.0,-580908.0,2199803.0,1529971.0,669832.0,2780712.0,2322676.0,458036.0,3159641.0,1293698.0,818771.0,474927.0,1865943.0
2012-09-30,16227939.0,11073602.0,3744736.0,1194180.0,2550556.0,7328866.0,2529927.0,2455858.0,2011721.0,452771.0,935387.0,623563.0,444137.0,74069.0,-535180.0,2209354.0,1537672.0,671682.0,2744535.0,2284654.0,459880.0,3159590.0,1296966.0,821489.0,475477.0,1862624.0
2012-12-31,16297349.0,11164329.0,3779993.0,1212906.0,2567087.0,7384335.0,2521337.0,2502925.0,2031238.0,443764.0,955199.0,632276.0,471687.0,18413.0,-531843.0,2214000.0,1525166.0,688834.0,2745842.0,2284593.0,461250.0,3143526.0,1278897.0,804606.0,474291.0,1864629.0
2013-03-31,16475440.0,11256655.0,3827626.0,1238366.0,2589260.0,7429028.0,2617589.0,2553959.0,2058263.0,439314.0,974278.0,644671.0,495697.0,63630.0,-519513.0,2242211.0,1537460.0,704751.0,2761724.0,2300095.0,461629.0,3120709.0,1245294.0,779630.0,465665.0,1875415.0
2013-06-30,16541390.0,11284541.0,3803643.0,1237193.0,2566451.0,7480898.0,2658133.0,2593589.0,2077056.0,454688.0,980409.0,641959.0,516533.0,64544.0,-514719.0,2253056.0,1544754.0,708302.0,2767775.0,2303308.0,464467.0,3113434.0,1231413.0,769963.0,461450.0,1882021.0
2013-09-30,16749349.0,11379103.0,3834650.0,1241430.0,2593220.0,7544453.0,2750833.0,2625323.0,2094205.0,476126.0,968568.0,649511.0,531118.0,125510.0,-492902.0,2274106.0,1558609.0,715497.0,2767008.0,2299233.0,467775.0,3112316.0,1220195.0,759295.0,460900.0,1892120.0
2013-12-31,16999888.0,11524398.0,3872160.0,1249781.0,2622379.0,7652238.0,2798629.0,2682684.0,2147881.0,484340.0,1007959.0,655582.0,534803.0,115944.0,-440885.0,2337059.0,1609839.0,727221.0,2777944.0,2303285.0,474659.0,3117746.0,1220930.0,759041.0,461889.0,1896816.0
2014-03-31,17031324.0,11640167.0,3904250.0,1258977.0,2645273.0,7735918.0,2780702.0,2736856.0,2194650.0,515483.0,1010318.0,668850.0,542206.0,43845.0,-516444.0,2339988.0,1597617.0,742371.0,2856432.0,2377860.0,478571.0,3126900.0,1216589.0,748820.0,467769.0,1910311.0
2014-06-30,17320921.0,11791944.0,3963905.0,1291538.0,2672367.0,7828039.0,2895013.0,2812311.0,2251490.0,537117.0,1038541.0,675832.0,560821.0,82702.0,-512654.0,2391261.0,1633417.0,757844.0,2903914.0,2416757.0,487158.0,3146617.0,1215453.0,747421.0,468032.0,1931165.0
2014-09-30,17622257.0,11941143.0,4000466.0,1309568.0,2690898.0,7940677.0,2992025.0,2893438.0,2316047.0,542285.0,1084973.0,688789.0,577391.0,98587.0,-489127.0,2388970.0,1631930.0,757040.0,2878097.0,2390680.0,487417.0,3178216.0,1228305.0,753563.0,474742.0,1949911.0
2014-12-31,17735933.0,12081421.0,4013192.0,1325451.0,2687741.0,8068229.0,2997870.0,2911058.0,2310859.0,555133.0,1052000.0,703726.0,600199.0,86812.0,-519811.0,2374374.0,1608716.0,765658.0,2894185.0,2398907.0,495278.0,3176453.0,1212248.0,732749.0,479500.0,1964205.0
2015-03-31,17874715.0,12142164.0,3975131.0,1341807.0,2633324.0,8167032.0,3094583.0,2945981.0,2328553.0,552661.0,1073362.0,702530.0,617428.0,148602.0,-538223.0,2289041.0,1520979.0,768062.0,2827264.0,2335386.0,491878.0,3176192.0,1218696.0,731705.0,486991.0,1957496.0
2015-06-30,18093224.0,12284199.0,4029589.0,1366736.0,2662853.0,8254610.0,3096327.0,2978207.0,2343221.0,556753.0,1073579.0,712889.0,634987.0,118119.0,-507064.0,2303945.0,1532797.0,771148.0,2811009.0,2313509.0,497499.0,3219762.0,1224916.0,735008.0,489909.0,1994846.0
2015-09-30,18227689.0,12407775.0,4067191.0,1376560.0,2690631.0,8340584.0,3115667.0,3010017.0,2353474.0,536247.0,1097304.0,719924.0,656543.0,105650.0,-530779.0,2256619.0,1489921.0,766698.0,2787398.0,2285021.0,502377.0,3235025.0,1222565.0,726766.0,495799.0,2012461.0
2015-12-31,18287226.0,12494889.0,4060722.0,1383446.0,2677276.0,8434167.0,3067743.0,2992341.0,2319731.0,504340.0,1083489.0,731902.0,672611.0,75402.0,-520103.0,2210060.0,1445120.0,764940.0,2730163.0,2228099.0,502063.0,3244697.0,1229869.0,732801.0,497068.0,2014828.0
2016-03-31,18325187.0,12571463.0,4046857.0,1382542.0,2664315.0,8524606.0,3031637.0,2989443.0,2291175.0,504618.0,1046205.0,740351.0,698268.0,42194.0,-526236.0,2166532.0,1407902.0,758630.0,2692768.0,2189297.0,503471.0,3248324.0,1227883.0,728919.0,498964.0,2020441.0
2016-06-30,18538039.0,12754994.0,4108501.0,1401087.0,2707414.0,8646492.0,3023118.0,3010930.0,2311194.0,508720.0,1044270.0,758204.0,699736.0,12189.0,-501567.0,2201807.0,1436080.0,765727.0,2703374.0,2197419.0,505955.0,3261494.0,1228220.0,726872.0,501348.0,2033275.0
2016-09-30,18729130.0,12899418.0,4134413.0,1420177.0,2714236.0,8765005.0,3047969.0,3031495.0,2329097.0,525618.0,1040945.0,762534.0,702399.0,16474.0,-492834.0,2248441.0,1472988.0,775453.0,2741274.0,2225194.0,516080.0,3274577.0,1234576.0,732291.0,502285.0,2040001.0
2016-12-31,18905545.0,13056900.0,4195903.0,1440218.0,2755685.0,8860998.0,3126179.0,3056725.0,2333714.0,525754.0,1044301.0,763659.0,723011.0,69454.0,-564320.0,2241485.0,1467171.0,774314.0,2805805.0,2285064.0,520741.0,3286786.0,1235435.0,727597.0,507838.0,2051351.0
2017-03-31,19057705.0,13191562.0,4230841.0,1443205.0,2787636.0,8960721.0,3128739.0,3128877.0,2383409.0,548424.0,1057605.0,777380.0,745468.0,-139.0,-582844.0,2295576.0,1514970.0,780606.0,2878420.0,2352964.0,525456.0,3320249.0,1244343.0,730237.0,514106.0,2075906.0
2017-06-30,19250009.0,13307021.0,4247204.0,1456586.0,2790618.0,9059818.0,3178149.0,3173297.0,2433551.0,562998.0,1082334.0,788219.0,739746.0,4852.0,-567236.0,2314899.0,1520898.0,794001.0,2882135.0,2350258.0,531877.0,3332074.0,1255849.0,741350.0,514499.0,2076225.0
